{
  "seed": 42,
  "num_views": 2,
  "token_dim": 5,
  "num_buses": 30,
  "device": "cuda",
  "epochs": 1500,
  "embed_dim": 128,
  "num_layers": 6,
  "batch_size": 256,
  "mask_ratio": 0.75,
  "lr": 0.0001,
  "weight_decay": 1e-05,
  "patience": 25,
  "memory_efficient": false,
  "accumulation_steps": 2,
  "timestamp": "2025-11-02T20:23:52.029531Z",
  "training_losses": [
    2.191411256790161,
    2.1939845085144043,
    1.7212701439857483,
    0.8561722636222839,
    1.646462321281433,
    1.8001596331596375,
    1.6166285872459412,
    1.1782644391059875,
    0.7446754276752472,
    1.3616318702697754,
    1.7788154482841492,
    1.567486047744751,
    1.1737430691719055,
    0.9812917709350586,
    0.8156067728996277,
    0.8679196238517761,
    1.0433351397514343,
    0.9868331551551819,
    0.7506537437438965,
    0.6971287727355957,
    0.7851260900497437,
    0.7548345923423767,
    0.6827328205108643,
    0.6444083750247955,
    0.6834637224674225,
    0.7366847097873688,
    0.6354316771030426,
    0.6843859553337097,
    0.7324838936328888,
    0.6918718814849854,
    0.6418766379356384,
    0.6249721050262451,
    0.6641497313976288,
    0.6376024782657623,
    0.5943117439746857,
    0.6086059808731079,
    0.594742625951767,
    0.628455400466919,
    0.6370755136013031,
    0.5975570976734161,
    0.6157203316688538,
    0.6408849060535431,
    0.595693051815033,
    0.587252140045166,
    0.5842297971248627,
    0.5707691609859467,
    0.5684160590171814,
    0.5824768543243408,
    0.5821931958198547,
    0.5606374144554138,
    0.5685239732265472,
    0.5590640306472778,
    0.5557209849357605,
    0.559607207775116,
    0.5665051639080048,
    0.5753504633903503,
    0.5600565969944,
    0.5618419349193573,
    0.5646216869354248,
    0.5520958006381989,
    0.5475111305713654,
    0.5628742575645447,
    0.5593231320381165,
    0.5548553168773651,
    0.55931755900383,
    0.5612914562225342,
    0.5508662760257721,
    0.5437906384468079,
    0.544908881187439,
    0.5494327247142792,
    0.5404638648033142,
    0.5494319200515747,
    0.5327709317207336,
    0.5375227928161621,
    0.5421128273010254,
    0.5314284861087799,
    0.5253818929195404,
    0.5408415198326111,
    0.5418307483196259,
    0.5355640947818756,
    0.5268714129924774,
    0.5272189378738403,
    0.5224180221557617,
    0.5270957052707672,
    0.5369902849197388,
    0.5313679873943329,
    0.5267601013183594,
    0.5198437869548798,
    0.5244514644145966,
    0.5267869532108307,
    0.5214815139770508,
    0.519819051027298,
    0.5212586224079132,
    0.5204148590564728,
    0.5184522867202759,
    0.5265072584152222,
    0.523854523897171,
    0.5207233130931854,
    0.5174578726291656,
    0.51545050740242,
    0.5149821937084198,
    0.5203823447227478,
    0.5122247338294983,
    0.5082708299160004,
    0.5179215371608734,
    0.5080872178077698,
    0.5117214322090149,
    0.5168879628181458,
    0.5117275714874268,
    0.5015493333339691,
    0.5024056434631348,
    0.5072352290153503,
    0.516746461391449,
    0.49667465686798096,
    0.49951595067977905,
    0.5065456330776215,
    0.512642115354538,
    0.5049180090427399,
    0.5172949731349945,
    0.5050766468048096,
    0.5053786486387253,
    0.5266095995903015,
    0.5036560744047165,
    0.5177628993988037,
    0.5052867829799652,
    0.5170618891716003,
    0.5042902231216431,
    0.4987361282110214,
    0.5009589493274689,
    0.4967043995857239,
    0.4947302043437958,
    0.4897952824831009,
    0.49430766701698303,
    0.4901244342327118,
    0.49370357394218445,
    0.4961742013692856,
    0.4988318830728531,
    0.4943531006574631,
    0.489359512925148,
    0.4965306520462036,
    0.48410969972610474,
    0.4958646446466446,
    0.49232351779937744,
    0.4884253442287445,
    0.4836653620004654,
    0.4889753609895706,
    0.49100401997566223,
    0.48984649777412415,
    0.48964589834213257,
    0.4744037687778473,
    0.4917319715023041,
    0.47345882654190063,
    0.47318270802497864,
    0.4769773334264755,
    0.4945767968893051,
    0.48504437506198883,
    0.4866052269935608,
    0.48197631537914276,
    0.4776559919118881,
    0.4845484495162964,
    0.4798218756914139,
    0.48230479657649994,
    0.47937192022800446,
    0.4861656576395035,
    0.48219943046569824,
    0.477025642991066,
    0.47684063017368317,
    0.4786794185638428,
    0.4832882285118103,
    0.481917604804039,
    0.48423899710178375,
    0.48356254398822784,
    0.48134809732437134,
    0.4788987636566162,
    0.4781878590583801,
    0.4789392799139023,
    0.47224920988082886,
    0.4730168431997299,
    0.4874238222837448,
    0.47299735248088837,
    0.4710242301225662,
    0.4804828613996506,
    0.47803232073783875,
    0.4809064716100693,
    0.4757715314626694,
    0.47451287508010864,
    0.4758723974227905,
    0.46984483301639557,
    0.47922730445861816,
    0.4782659709453583,
    0.4692177474498749,
    0.47830986976623535,
    0.47817692160606384,
    0.4780593812465668,
    0.4777378588914871,
    0.4774961620569229,
    0.47396863996982574,
    0.476119726896286,
    0.4736226350069046,
    0.47907984256744385,
    0.479087233543396,
    0.47056683897972107,
    0.4757418930530548,
    0.4814007878303528,
    0.47919419407844543,
    0.48004910349845886,
    0.47472016513347626,
    0.47383153438568115,
    0.46953539550304413,
    0.4700952470302582,
    0.480813205242157,
    0.4789160490036011,
    0.470856174826622,
    0.47487860918045044,
    0.4717493951320648,
    0.47931312024593353,
    0.47069792449474335,
    0.4740988314151764,
    0.4733249098062515
  ],