{
  "seed": 42,
  "num_views": 8,
  "token_dim": 5,
  "num_buses": 30,
  "device": "cuda",
  "epochs": 1500,
  "embed_dim": 128,
  "num_layers": 6,
  "batch_size": 80,
  "mask_ratio": 0.75,
  "lr": 0.0001,
  "weight_decay": 1e-05,
  "patience": 25,
  "memory_efficient": true,
  "accumulation_steps": 2,
  "timestamp": "2025-11-02T21:01:17.340333Z",
  "training_losses": [
    1.2144362459128553,
    0.7318744307214563,
    0.6829318444837224,
    0.6150806173682213,
    0.5893697027455677,
    0.5732265555045821,
    0.5613816136663611,
    0.5421953448517756,
    0.5354601507159796,
    0.5264311449771578,
    0.5044953738423911,
    0.5004925754937258,
    0.5026603886349634,
    0.4982798190956766,
    0.45037012276324356,
    0.45725824717770924,
    0.438561100512743,
    0.4347986111586744,
    0.43784320151264017,
    0.4203191975300962,
    0.43039675429463387,
    0.4236383333124898,
    0.4104237959466197,
    0.4027342274785042,
    0.40164605155587196,
    0.39892029626802966,
    0.3980377980253913,
    0.37785008888353,
    0.3711831122636795,
    0.3629771474410187,
    0.3682025664231994,
    0.3504841945726763,
    0.347742711617188,
    0.34937585212967615,
    0.33106951212341135,
    0.3461601053449241,
    0.32762160152196884,
    0.3155682049691677,
    0.3117373992096294,
    0.3090948374433951,
    0.30067369815978134,
    0.2901228817010468,
    0.29192695241760125,
    0.2876771026375619,
    0.29078923843123694,
    0.2854769021611322,
    0.27560707164758985,
    0.26375347054140136,
    0.25582595474340697,
    0.25936659577895294,
    0.24993727152997797,
    0.23851245353845033,
    0.23302479647099972,
    0.22503777407109737,
    0.2322967480868101,
    0.22334370948374271,
    0.21462741900574078,
    0.20841664617711847,
    0.20165401663292537,
    0.20454119044271382,
    0.1920692656527866,
    0.19569761204448613,
    0.1843339821154421,
    0.1764808909290216,
    0.17695718343284997,
    0.17039728960530323,
    0.1642763554541902,
    0.16742835668000308,
    0.16066703852266073,
    0.16325787133113903,
    0.1576280968094414,
    0.15228910820389335,
    0.15423447943546556,
    0.15236725065518508,
    0.1520656639371406,
    0.1459262612360445,
    0.14751033281738107,
    0.14117882189086892,
    0.1436904286119071,
    0.14327009301632643,
    0.13995412914929065,
    0.1437011422081427,
    0.13849960199811243,
    0.13542988489974628,
    0.13015035328201272,
    0.13500095057216557,
    0.12954329030418937,
    0.1320456030185927,
    0.12957587507976728,
    0.1279855062338439,
    0.12314018615606157,
    0.12334059813821857,
    0.12583027161996474,
    0.1213077816434882,
    0.11867712852968411,
    0.11528925783932209,
    0.11706250948323445,
    0.11621080254289237,
    0.11566907065835866,
    0.11869951870969751,
    0.11561699939722364,
    0.11079371144825761,
    0.11096962761472572,
    0.1090579131110148,
    0.11358594394881617,
    0.10751960591667077,
    0.10705841493538835,
    0.10559962842274796,
    0.10578362554819747,
    0.1041608067568053,
    0.10456176728687504,
    0.10161804835396734,
    0.10109821804375811,
    0.10079674346541817,
    0.10564982527020303,
    0.09969278344545852,
    0.09690406207333911,
    0.09668669252741066,
    0.09516743816096675,
    0.0981284539130601,
    0.09591923747211695,
    0.09536018950695341,
    0.09545161346481605,
    0.09074717997149988,
    0.09049552776427432,
    0.09067825342274526,
    0.09163876068355008,
    0.09190223442221229,
    0.09018641312352636,
    0.0927345689216798,
    0.09034794001755389,
    0.09027499163692648,
    0.0887407311661677,
    0.08649437273429199,
    0.08542926905846054,
    0.08558645734394138,
    0.08412747618488291,
    0.08686036641963503,
    0.08770900592207909,
    0.08775387099012733,
    0.08346168739213185,
    0.08322975598275661,
    0.08327011260288683,
    0.08170326210727746,
    0.0807008723389696,
    0.08637378428300674,
    0.08136028322306546,
    0.07969181044873866,
    0.07980800530111248,
    0.07882952944121578,
    0.07925249187445099,
    0.07728240575472062,
    0.07674978029998866,
    0.08074777569113807,
    0.07751816595819863,
    0.07762446711686524,
    0.0748750379901718,
    0.07453819825737314,
    0.07281651783903892,
    0.07600123558024113,
    0.07462545988065275,
    0.07608135857365349,
    0.07642565299333497,
    0.0739273511042649,
    0.07279386612671343,
    0.07303119666705077,
    0.07241089307618412,
    0.07269426913593303,
    0.07338990493338894,
    0.07311853008683432,
    0.07047392055392265,
    0.06872189696878195,
    0.06965428700839932,
    0.07079861232672226,
    0.06892427772452886,
    0.06964090360667217,
    0.06782447335056284,
    0.07053967764262449,
    0.06858514808118343,
    0.06760489458048885,
    0.06786475957117298,
    0.06912443405863913,
    0.06898245520212433,
    0.06636456709185784,
    0.06586957536637783,
    0.0633774984373965,
    0.06388519983738661,
    0.06529835645448077,
    0.06649865066124634,
    0.06791832539337603,
    0.06744148912416263,
    0.06373547673733397,
    0.06245155685411936,
    0.0631270837673748,
    0.06407007596201518,
    0.06536087762056426,
    0.0634919831698591,
    0.062376911878924475,
    0.06250474927946925,
    0.06191582435911352,
    0.06212348929098384,
    0.06364523547447541,
    0.060880421491509136,
    0.06589318049902265,
    0.06276942594823512,
    0.05972518124194308,
    0.05723323857157745,
    0.059139140267771756,
    0.05917001799256964,
    0.05840196464718743,
    0.05781468389217149,
    0.058304667261175135,
    0.056414972080595115,
    0.057293718977069315,
    0.05773881462995301,
    0.05767765382982113,
    0.05542202090675181,
    0.05792527535760945,
    0.057729420929469845,
    0.05632913210005923,
    0.05683984742923216,
    0.057634469248693095,
    0.05920509587634693,
    0.058600538240915,
    0.05681835432452234,
    0.057221103755926546,
    0.05576026697897098,
    0.057210277003998104,
    0.057308228305456316,
    0.05328049817630513,
    0.05530382375317541,
    0.05388792185112834,
    0.05421788960864598,
    0.05525038323619149,
    0.055105452446944335,
    0.05457715406505899,
    0.05265984343449501,
    0.055946231481026516,
    0.054179315201260826,
    0.054770109307190236,
    0.05265714609148828,
    0.054720555770803585,
    0.05417274476282976,
    0.05320584625852379,
    0.0531179124108431,
    0.054195704086768354,
    0.05248676828870719,
    0.05424886232834648,
    0.05151780866171149,
    0.054035686125809494,
    0.05244800181720744,
    0.05452612241391431,
    0.052263273264874115,
    0.05358300455422564,
    0.0534628380978988
  ],