{
  "seed": 42,
  "num_views": 2,
  "token_dim": 5,
  "num_buses": 30,
  "device": "cuda",
  "epochs": 1500,
  "embed_dim": 128,
  "num_layers": 6,
  "batch_size": 128,
  "mask_ratio": 0.75,
  "lr": 0.0001,
  "weight_decay": 1e-05,
  "patience": 25,
  "memory_efficient": false,
  "accumulation_steps": 2,
  "timestamp": "2025-11-03T17:57:01.097578Z",
  "training_losses": [
    0.9947236385196447,
    0.6114611458033323,
    0.5685915113426745,
    0.5269032013602555,
    0.48072516825050116,
    0.437358140014112,
    0.41697637224569917,
    0.39955156901851296,
    0.38445261027663946,
    0.36491205636411905,
    0.34407186694443226,
    0.32889525266364217,
    0.31165228551253676,
    0.29583039740100503,
    0.2759914994239807,
    0.26410690671764314,
    0.2467500325292349,
    0.23648924613371491,
    0.22120351949706674,
    0.2003494135569781,
    0.18834821041673422,
    0.1746770623140037,
    0.1672669390682131,
    0.16335546597838402,
    0.15320877730846405,
    0.14916211203671992,
    0.14560872863512486,
    0.14383632643148303,
    0.14032783394213766,
    0.13555715244729072,
    0.13467362662777305,
    0.13115390890743583,
    0.12466447614133358,
    0.1235978186596185,
    0.12073564971797168,
    0.1164135473081842,
    0.11256263416726142,
    0.1096066094469279,
    0.10740631725639105,
    0.1072011801879853,
    0.10392072692047805,
    0.10147469164803624,
    0.09678800229448825,
    0.09622718836180866,
    0.09393647615797818,
    0.09420335083268583,
    0.0904942115303129,
    0.09083410049788654,
    0.08565112785436213,
    0.08605050039477646,
    0.08638102479744703,
    0.0813356819562614,
    0.07964062376413494,
    0.08091509609948844,
    0.07764316798420623,
    0.07666442345362157,
    0.07660311862127855,
    0.07620784256141633,
    0.07416946592275053,
    0.073169790499378,
    0.07139090640703216,
    0.07135237735928968,
    0.07032936398172751,
    0.0706012377049774,
    0.06917969341157004,
    0.06746213731821626,
    0.06888069992419332,
    0.06373963732039556,
    0.06605759751982987,
    0.06498017284320667,
    0.06222915294347331,
    0.06364893727004528,
    0.0638436958543025,
    0.060905922728125006,
    0.06294585636351258,
    0.06098666263278574,
    0.06026031728833914,
    0.05963165935827419,
    0.05998042272403836,
    0.06162111391313374,
    0.05827104556374252,
    0.05866841709939763,
    0.057420142577029765,
    0.05546091409632936,
    0.056199716695118695,
    0.056423282891046256,
    0.05427064362447709,
    0.055165659287013113,
    0.054053919098805636,
    0.054078089829999954,
    0.053958121861796826,
    0.05260881839785725,
    0.05368497996823862,
    0.05414984415983781,
    0.05252168216975406,
    0.052604897355195135,
    0.04980734328273684,
    0.04961735202232376,
    0.049482402100693434,
    0.049719265080057085,
    0.04963286255951971,
    0.04848332091933116,
    0.05101804086007178,
    0.05116828071186319,
    0.049378176394384354,
    0.04975618683965877,
    0.04990582726895809,
    0.047994732100050896,
    0.04723680316237733,
    0.04694621782982722,
    0.04627542104572058,
    0.04739349300507456,
    0.04854181763948873,
    0.04589096404379234,
    0.04693010717164725,
    0.04516035225242376,
    0.04499852459412068,
    0.0434960097190924,
    0.04422470001736656,
    0.04304896557005122,
    0.04306646570330486,
    0.04227119399001822,
    0.04243126214714721,
    0.04130198992788792,
    0.04198611370520666,
    0.042185280413832515,
    0.041344777593621984,
    0.04171912159654312,
    0.03954559226986021,
    0.04203659406630322,
    0.04205158623517491,
    0.041966064251028,
    0.040294037986313924,
    0.03963126669987105,
    0.04027055174810812,
    0.039571847300976515,
    0.040518170571886,
    0.038876742037246004,
    0.03930812218459323,
    0.039624593599000946,
    0.04038238464272581,
    0.03903659220668487,
    0.03937434469116852,
    0.03862142880097963,
    0.038533311075298116,
    0.037862625846173614,
    0.03910408288356848,
    0.037771806615637615,
    0.03720747245824896,
    0.03823684554663487,
    0.03831759068998508,
    0.03907865972723812,
    0.03770557144889608,
    0.03757590302848257,
    0.03869131190003827,
    0.03876756448880769,
    0.038640102138742805,
    0.03735404141480103,
    0.03755616777925752,
    0.03753563325153664,
    0.03784970540436916,
    0.03870741106220521,
    0.03715544048463926,
    0.03798530562198721,
    0.0372228188207373,
    0.03725067732739262,
    0.03859876951901242,
    0.03720206505386159,
    0.03843565325951204,
    0.03831191229983233,
    0.03644667728804052,
    0.03824494330910966,
    0.03790719612152316,
    0.03706173307728022,
    0.03730407930561341,
    0.037793124007293954,
    0.03664763169945218,
    0.03747618495253846,
    0.036835102539043874,
    0.03637191577581689,
    0.03676712265587412,
    0.03783023444702849,
    0.03710058855358511,
    0.03642854961799458,
    0.03705401829211041,
    0.03725561866303906,
    0.03647758113220334,
    0.03640588908456266,
    0.03622801217716187,
    0.03648939830600284,
    0.03648314482416026,
    0.03582276197266765,
    0.037217877921648324,
    0.036375279538333416,
    0.037441509746713564,
    0.03710459158173762,
    0.036591470532584935,
    0.03663919083192013,
    0.03562736327876337,
    0.03504425901337527,
    0.035661672678543255,
    0.03664745477726683,
    0.03498294370365329,
    0.0359528171538841,
    0.035822613281197846,
    0.03564631269546226,
    0.03596507527981885,
    0.03652265449636616,
    0.036229015939170495,
    0.03561976188211702,
    0.035842314129695296,
    0.036393712158314884,
    0.03669755067676306,
    0.03572690222063102,
    0.03565195598639548,
    0.036407720268471166,
    0.0355984577909112,
    0.036654519266448915,
    0.03588969903648831,
    0.034369651606539264,
    0.0354288773087319,
    0.03529471735237166,
    0.03728509589564055,
    0.0358704716200009,
    0.03584546022466384,
    0.035756371333263814,
    0.03664838403346948,
    0.035573964240029454,
    0.03488681965973228,
    0.03514292443287559,
    0.0359494328731671,
    0.035163048713002354,
    0.03587755453190766,
    0.0344641053234227,
    0.03437953378306702,
    0.03575210692360997,
    0.03662532317684963,
    0.03545768585172482,
    0.03538615888101049,
    0.03591646422864869,
    0.036218864406691864,
    0.034859161387430504,
    0.036591742595192045,
    0.03527330484939739
  ],