{
  "seed": 42,
  "num_views": 40,
  "token_dim": 5,
  "num_buses": 30,
  "device": "cuda",
  "epochs": 1500,
  "embed_dim": 128,
  "num_layers": 6,
  "batch_size": 16,
  "mask_ratio": 0.75,
  "lr": 0.0001,
  "weight_decay": 1e-05,
  "patience": 25,
  "memory_efficient": true,
  "accumulation_steps": 2,
  "timestamp": "2025-11-02T23:58:59.918382Z",
  "training_losses": [
    1.4365568889812987,
    0.9615759796716948,
    0.7235123643143612,
    0.6268898086114363,
    0.6543197641318494,
    0.6159088663756848,
    0.6696219716559757,
    0.6046746613627131,
    0.5675274379551412,
    0.5705172676254403,
    0.5233978507870979,
    0.5092754374173555,
    0.4967572140422734,
    0.4738960410383614,
    0.4531763752075759,
    0.4341884242540056,
    0.4379145336422053,
    0.4384734278375452,
    0.4267736719413237,
    0.42380743433128704,
    0.3954679976810109,
    0.3889769508418711,
    0.4041043735363266,
    0.3973483812402595,
    0.4008736909113147,
    0.38118799476122317,
    0.3664655825292522,
    0.40315981188958344,
    0.3831574085761201,
    0.3798115262931044,
    0.3869559720835902,
    0.37514834373512046,
    0.3577304816720161,
    0.3667912477796728,
    0.3683969194916161,
    0.3500883311371912,
    0.36931548558852895,
    0.3748289756476879,
    0.34776962419802493,
    0.3407555828717622,
    0.3560679866509004,
    0.35817073705521496,
    0.34934155741198497,
    0.33451303829523654,
    0.330746419084343,
    0.34216531298377295,
    0.32864902178672223,
    0.3221688997339119,
    0.3043553736738183,
    0.3016914701258594,
    0.2917490238831802,
    0.3149366033009508,
    0.2998723192309791,
    0.30736763429912656,
    0.28910360603847285,
    0.27210304567759686,
    0.29519241272725844,
    0.27158433906733986,
    0.28025162280960514,
    0.27522705708715045,
    0.260170787115666,
    0.2643012028526176,
    0.2565456321970983,
    0.2548863711004907,
    0.2599730553613467,
    0.2783014145764438,
    0.25980811535634785,
    0.24677629169415347,
    0.24660470058972184,
    0.24758684652095486,
    0.23349832176146182,
    0.22666710835288867,
    0.22155542012981388,
    0.21955457107925958,
    0.21516302652995697,
    0.22023627605627885,
    0.21611887658522885,
    0.2028076214207844,
    0.2146964591673829,
    0.2090536652132869,
    0.19152183715592727,
    0.20503470516678962,
    0.19609874094074423,
    0.2070579366250472,
    0.18976548041471028,
    0.19389359886673363,
    0.18371649406511678,
    0.1799842907115817,
    0.1805856269699606,
    0.1718200728974559,
    0.18066663796251467,
    0.16827561324462292,
    0.1692637902599844,
    0.1752390647137707,
    0.16328643668781628,
    0.1658379169011658,
    0.15807618197392334,
    0.15438831116665494,
    0.1677474155175415,
    0.16012643619694492,
    0.15236363327977334,
    0.14840924717824566,
    0.14374240059405563,
    0.13685423186556858,
    0.13711185920136895,
    0.13772320587357337,
    0.12909723883494736,
    0.13288730661469428,
    0.13249886096878485,
    0.12824071225794878,
    0.12093939615244215,
    0.12483070745048198,
    0.12802809771489013,
    0.12135328801179474,
    0.1245434453033588,
    0.1258684528060257,
    0.12293836845254356,
    0.11768766307187352,
    0.11650125357237728,
    0.11247888245535168,
    0.1112632300874049,
    0.10328914397819475,
    0.11309325120157815,
    0.1054242579012432,
    0.10751573346893895,
    0.10673426194963129,
    0.10657145412300122,
    0.10291267088191076,
    0.10317718734626066,
    0.10867792109704832,
    0.10523911210792987,
    0.104108142150058,
    0.10773122287778691,
    0.10534380175681277,
    0.09990424159914256,
    0.09640236128629608,
    0.09748564467511395,
    0.1019515765407546,
    0.09698230686428194,
    0.09550530768253586,
    0.0977478665723042,
    0.09909046479839495,
    0.0944925873752006,
    0.09383615371771158,
    0.09244276876138015,
    0.0946070532145148,
    0.09214648327536203,
    0.09298002415082672,
    0.09559292353859003,
    0.0943884187208658,
    0.09341918548823082,
    0.09341165989806707,
    0.09193435025994073,
    0.08783229877748949,
    0.08922543397003954,
    0.08589438634331929,
    0.08475359422154723,
    0.0884556567762047,
    0.08515780872919343,
    0.08678364896808156,
    0.08451885509897362,
    0.08508362961001693,
    0.08411251321773637,
    0.08224907133050939,
    0.08711025774986907,
    0.08531413780186664,
    0.0815952189436013,
    0.08488307188857686,
    0.08351235126822511
  ],