{
  "seed": 42,
  "num_views": 5,
  "token_dim": 5,
  "num_buses": 30,
  "device": "cuda",
  "epochs": 1500,
  "embed_dim": 128,
  "num_layers": 6,
  "batch_size": 128,
  "mask_ratio": 0.75,
  "lr": 0.0001,
  "weight_decay": 1e-05,
  "patience": 25,
  "memory_efficient": false,
  "accumulation_steps": 2,
  "timestamp": "2025-11-02T20:47:21.372084Z",
  "training_losses": [
    2.148134231567383,
    1.250749111175537,
    1.859199023246765,
    1.5609851598739624,
    0.9551193714141846,
    1.2492666006088258,
    0.8118887066841125,
    1.1538955211639403,
    1.2585208415985107,
    0.8129052639007568,
    0.940355658531189,
    1.0871217966079711,
    0.8123101830482482,
    0.774607491493225,
    0.8735409021377563,
    0.6855624198913575,
    0.7364623069763183,
    0.8093138694763183,
    0.6125568628311158,
    0.7519381523132325,
    0.6339521169662476,
    0.7444241523742676,
    0.7381385684013366,
    0.6150094270706177,
    0.7482878923416137,
    0.6325120210647583,
    0.6132197976112366,
    0.6426546216011048,
    0.5971466183662415,
    0.6105385184288025,
    0.6137519836425781,
    0.6068281412124634,
    0.6200523018836975,
    0.6064611077308655,
    0.5754232645034789,
    0.6448305130004883,
    0.6067811846733093,
    0.5537058591842652,
    0.5635910272598267,
    0.6005345106124877,
    0.6006650805473328,
    0.572188413143158,
    0.5545964598655702,
    0.654924476146698,
    0.5626251935958863,
    0.6342573165893555,
    0.6018648982048035,
    0.5625201344490052,
    0.5779101610183716,
    0.5274424791336059,
    0.550394856929779,
    0.5606362581253052,
    0.5275473594665527,
    0.5197032570838929,
    0.5094759166240692,
    0.532027292251587,
    0.519725751876831,
    0.5052849233150483,
    0.520304548740387,
    0.5308174729347228,
    0.5173800826072693,
    0.5020182967185974,
    0.5101518034934998,
    0.49984627962112427,
    0.5019781708717346,
    0.4975996255874634,
    0.5139077603816986,
    0.5039085507392883,
    0.5089799165725708,
    0.4863150477409363,
    0.498485791683197,
    0.4941521406173706,
    0.5043760180473328,
    0.4888023912906647,
    0.49102859497070317,
    0.4725579619407654,
    0.47264285683631896,
    0.4841726303100586,
    0.45975295901298524,
    0.47279860377311705,
    0.46668257713317873,
    0.4682824373245239,
    0.45750710368156433,
    0.4539126276969909,
    0.4583303093910217,
    0.4469122886657715,
    0.4657803475856781,
    0.4525058388710022,
    0.4377784490585327,
    0.4351438701152801,
    0.45704646110534664,
    0.4387493789196014,
    0.43058809638023376,
    0.4371331810951233,
    0.42590445280075073,
    0.4223690927028656,
    0.4290362477302551,
    0.4423892974853516,
    0.4220610916614532,
    0.42361111044883726,
    0.4175526201725006,
    0.42436732053756715,
    0.4121726036071777,
    0.386865234375,
    0.40291566848754884,
    0.39758368730545046,
    0.4064719259738922,
    0.42679125666618345,
    0.4023296594619751,
    0.40759791135787965,
    0.3993087708950043,
    0.40105557441711426,
    0.4095836699008942,
    0.3814289212226868,
    0.3767787337303162,
    0.40740359425544737,
    0.39317991137504577,
    0.39984664916992185,
    0.41329316496849056,
    0.38990294337272646,
    0.3902422249317169,
    0.383694714307785,
    0.40238016843795776,
    0.3749207019805908,
    0.4001192510128021,
    0.4082632303237915,
    0.380731987953186,
    0.38912067413330076,
    0.394762122631073,
    0.39018578529357906,
    0.3870472550392151,
    0.3789359450340271,
    0.3908648014068603,
    0.3872513353824616,
    0.3716724991798401,
    0.39890379309654234,
    0.3880061089992523,
    0.38483242988586425,
    0.38800890445709224,
    0.3888072967529297,
    0.3868317365646362,
    0.3931160867214203,
    0.373883593082428,
    0.3607210099697113,
    0.38741944432258607,
    0.36857078075408933,
    0.3851559519767761,
    0.3722719311714172,
    0.37549956440925597,
    0.38310892581939693,
    0.3958211421966553,
    0.3760315299034119,
    0.37424699068069456,
    0.3814616680145264,
    0.3877268552780151,
    0.37442913055419924,
    0.37808057069778445,
    0.3676358580589294,
    0.3772459805011749,
    0.35546646714210506,
    0.3598028063774109,
    0.38024009466171266,
    0.35715689659118655,
    0.35858099460601806,
    0.37835188508033757,
    0.37372493743896484,
    0.3863581597805023,
    0.37723723649978635,
    0.3795747280120849,
    0.3800214290618896,
    0.3574586808681488,
    0.3561325669288635,
    0.3694328308105469,
    0.3730043292045593,
    0.3773353099822998,
    0.35324307084083556,
    0.3670822739601135,
    0.373725426197052,
    0.3583233833312988,
    0.3637263238430023,
    0.35669211149215696,
    0.36815699338912966
  ],