{
  "seed": 42,
  "num_views": 8,
  "token_dim": 5,
  "num_buses": 30,
  "device": "cuda",
  "epochs": 1500,
  "embed_dim": 128,
  "num_layers": 6,
  "batch_size": 80,
  "mask_ratio": 0.75,
  "lr": 0.0001,
  "weight_decay": 1e-05,
  "patience": 25,
  "memory_efficient": true,
  "accumulation_steps": 2,
  "timestamp": "2025-11-02T20:55:45.938097Z",
  "training_losses": [
    0.9938659440903437,
    0.6659939260709853,
    0.6132818534970284,
    0.5760935882017726,
    0.5505615405383564,
    0.5304974652826786,
    0.5370761668753057,
    0.48661618165317033,
    0.4563437843961375,
    0.43548221336234183,
    0.4257743839351904,
    0.40884577411980855,
    0.4044611936523801,
    0.3907349742949009,
    0.37806753902917817,
    0.37049893165628117,
    0.3578917632500331,
    0.33779587915965487,
    0.3260702769316378,
    0.3179498359206177,
    0.3044403340844881,
    0.2938174435957557,
    0.2767906118006933,
    0.2748398528922172,
    0.26172561198472977,
    0.2511606989871888,
    0.24197024692382132,
    0.23686935983243443,
    0.22665940375909918,
    0.21384546045391334,
    0.20371392289442675,
    0.1935202321481137,
    0.183429831816327,
    0.17189719576743387,
    0.1672857335458199,
    0.16046710658286298,
    0.16365946944625603,
    0.15446237399287166,
    0.1488412811553904,
    0.14582006274057285,
    0.1452173828812582,
    0.14181624215451025,
    0.13686128546084678,
    0.13771981320210866,
    0.13352139866245644,
    0.13197012640358435,
    0.12838762710314422,
    0.12604908334712187,
    0.1224686060810373,
    0.12249441223130339,
    0.12038609926544484,
    0.11714522788921992,
    0.1142528031819633,
    0.11145393204476152,
    0.10918684866988942,
    0.10659477132416907,
    0.10475598182529211,
    0.1027792976459577,
    0.10492919988575436,
    0.10022324909056936,
    0.09663046714628026,
    0.09627974308317616,
    0.09364892910456374,
    0.09433668004792362,
    0.09436347654887609,
    0.09080481549192752,
    0.09068438384149756,
    0.08776413321140267,
    0.08649993887437242,
    0.08807677414179557,
    0.0849891984835267,
    0.08234649925448355,
    0.08110061338880942,
    0.08204823920858048,
    0.0801220077001268,
    0.07892415710237055,
    0.07803598800230593,
    0.07613062018173791,
    0.07770984948036216,
    0.0785070408933929,
    0.07534487137482279,
    0.07504261506810075,
    0.07375903944263146,
    0.07266680630190032,
    0.07172997949999713,
    0.07102555054284278,
    0.07058017749694132,
    0.07115822693421728,
    0.06801798948574633,
    0.07006444480447542,
    0.06876049357067261,
    0.06825106894774806,
    0.06565017091287743,
    0.0659555856670652,
    0.06490086458091225,
    0.06454430917455327,
    0.06421406187915377,
    0.06248405101221232,
    0.061882179540892444,
    0.061459202119814496,
    0.0609880038980572,
    0.0624370310411212,
    0.06280391944927119,
    0.06061822590639904,
    0.06025860106040325,
    0.06095767628756307,
    0.058368993058268516,
    0.06044457291829444,
    0.05954116698177088,
    0.05833288279938556,
    0.05820234585553408,
    0.057415633728461604,
    0.05688192593377261,
    0.0552967685673918,
    0.05472463599982716,
    0.05583784476454769,
    0.05652295514231637,
    0.05486146644467399,
    0.05488919590910276,
    0.05463597883603403,
    0.053601081194799574,
    0.05514419351571372,
    0.05430550341095243,
    0.05437549851125195,
    0.051557131399888365,
    0.052354317757167985,
    0.05101965837890193,
    0.05083751862513877,
    0.051043440244116244,
    0.050817976594858226,
    0.051046409455704544,
    0.05121862192061685,
    0.0506520730642868,
    0.050096105983746905,
    0.05090777980651529,
    0.04982386276658092,
    0.04862191450471679,
    0.048397530358107316,
    0.047586288868582675,
    0.048703913166675536,
    0.04855260798441512,
    0.04792179300316742,
    0.04817730818121206,
    0.04584578125338469,
    0.04644299663292865,
    0.04632240901922896,
    0.04694243998355454,
    0.049473457504063845,
    0.04656599977585886,
    0.04479474313778892,
    0.044994228574935166,
    0.04545956344476768,
    0.04482925371710388,
    0.045432399769890164,
    0.043901416373306086,
    0.04391299452011784,
    0.04382999328940752,
    0.04364512691141239,
    0.04247544274576718,
    0.043658545318370066,
    0.04349927658525606,
    0.042925474843719884,
    0.043392906652852184,
    0.04330125607417098,
    0.041854422905349305,
    0.04148864756072206,
    0.04216306009108112,
    0.041742672434165365,
    0.04230884406050401,
    0.041595222195610404,
    0.04253494072084626,
    0.04125148437118956,
    0.042134262510531005,
    0.04081017892098143,
    0.04081277296479259,
    0.04122993742514934,
    0.04008233175790381,
    0.039209667194102495,
    0.03830276731224287,
    0.0375928065096516,
    0.038457611010276845,
    0.037550188589929825,
    0.037562948041817264,
    0.03707267836268459,
    0.037756643014117366,
    0.037072517975632636,
    0.037362982164181414,
    0.037838021237846645,
    0.03688921664087545,
    0.038393799415124316,
    0.03773470754025593,
    0.03745357269820358,
    0.037490627551007835,
    0.03742042678363976,
    0.03636877381774996,
    0.03790120099715534,
    0.03686454071707669,
    0.036044487197484286,
    0.036963141589824645,
    0.038305121806583235,
    0.03621927482475128,
    0.035844870610162616,
    0.03509330089824895,
    0.036287571602900116,
    0.035736019002451075,
    0.03713319606945983,
    0.03631605860954594,
    0.03567090570660574,
    0.036590869848926864,
    0.036989313372898666,
    0.03667600866451505,
    0.03479274687179852,
    0.035607411282225734,
    0.035855377270352276,
    0.035621203969986664,
    0.035770421337691094,
    0.036534784228674004,
    0.03532777778759953,
    0.03522220801650768,
    0.03551127229418073,
    0.03548111437287714,
    0.03597706305750069,
    0.034489336024437635,
    0.03580935526683572,
    0.03529304240475453,
    0.0341920782701068,
    0.03343946465645872,
    0.034528573342998116,
    0.03488370269492623,
    0.03522927471480909,
    0.035405200706528764,
    0.03545549092814326,
    0.03459493841399394,
    0.03510239619451264,
    0.033855506662456764,
    0.03411040037116479,
    0.0345976355796059,
    0.03342468016559169,
    0.03351847698823327,
    0.03266187517770699,
    0.03359617415948638,
    0.03415467045713393,
    0.033171438002249316,
    0.03344144675481532,
    0.03339162610826038,
    0.03351452722701998,
    0.03296882599326117,
    0.03232502584744777,
    0.03243371279954556,
    0.032476615049831924,
    0.03219627084520956
  ],