{
  "seed": 42,
  "num_views": 8,
  "token_dim": 5,
  "num_buses": 30,
  "device": "cuda",
  "epochs": 1500,
  "embed_dim": 128,
  "num_layers": 6,
  "batch_size": 80,
  "mask_ratio": 0.75,
  "lr": 0.0001,
  "weight_decay": 1e-05,
  "patience": 25,
  "memory_efficient": true,
  "accumulation_steps": 2,
  "timestamp": "2025-11-02T20:58:44.815930Z",
  "training_losses": [
    1.7923173035184543,
    1.0226787279049556,
    0.9113118102153143,
    0.7772531434893608,
    1.1935076415538788,
    0.7870030403137207,
    0.9573027864098549,
    0.6946792056163152,
    0.7201879471540451,
    0.881330226858457,
    0.6298118345439434,
    0.6607845996816953,
    0.9955929319063822,
    0.7744124631086985,
    0.7971569523215294,
    0.6610465695460638,
    0.6468875929713249,
    0.5942305326461792,
    0.6072505625585715,
    0.6635574201742808,
    0.6017089672386646,
    0.6197670648495356,
    0.6039612516760826,
    0.5761085549990336,
    0.6008375287055969,
    0.5048802581926187,
    0.5252688812712828,
    0.6110463490088781,
    0.6786138166983923,
    0.6281912749012312,
    0.623412474989891,
    0.5926372061173121,
    0.558808463315169,
    0.5829409758249918,
    0.5777331491311392,
    0.6217988530794779,
    0.5426244077583154,
    0.5995686041812102,
    0.5686173886060715,
    0.5004847894112269,
    0.581746868789196,
    0.4950751066207886,
    0.4768204651772976,
    0.5102872972687086,
    0.4752136828998725,
    0.4613088419040044,
    0.5083846921722094,
    0.5275718905031681,
    0.49394312004248303,
    0.4879520597557227,
    0.4474629995723565,
    0.4872487646838029,
    0.48957738652825356,
    0.5565149039030075,
    0.5137751363217831,
    0.43217633416255313,
    0.47608529155453044,
    0.4618924173216025,
    0.5468878286580244,
    0.41642066339651745,
    0.4744943504532178,
    0.554439385732015,
    0.4849340704580148,
    0.4956490993499756,
    0.4245293438434601,
    0.5452557342747847,
    0.588895171880722,
    0.5054976555208365,
    0.4505294089516004,
    0.4990013639132182,
    0.40339134136835736,
    0.38608700161178905,
    0.44544579461216927,
    0.3998643085360527,
    0.41719359283645946,
    0.6362896114587784,
    0.5130160103241602,
    0.4484057656178872,
    0.4657873089114825,
    0.47747676943739253,
    0.46087168032924336,
    0.45453717683752376,
    0.4551197215914726,
    0.39227695514758426,
    0.4492409788072109,
    0.43160886441667873,
    0.4115716852247715,
    0.4468958390255769,
    0.41973115255435306,
    0.4089228908220927,
    0.4838559304674466,
    0.39337804168462753,
    0.4453784351547559,
    0.4090430252254009,
    0.44532695164283115,
    0.44132030258576077,
    0.3974319485326608,
    0.36663315383096534,
    0.44991783797740936,
    0.4461283286412557,
    0.43558255458871525,
    0.41625963275631267,
    0.4185742773115635,
    0.3643722968796889,
    0.40798195575674373,
    0.3762410519023736,
    0.3365424561003844,
    0.40312031904856366,
    0.40190286313494045,
    0.32110426140328246,
    0.315835317907234,
    0.3426197910060485,
    0.33633689768612385,
    0.390391265352567,
    0.35591913014650345,
    0.3742387033998966,
    0.4546998788913091,
    0.38125278055667877,
    0.3875081390142441,
    0.40383101751406986,
    0.39163992553949356,
    0.3518942768375079,
    0.38702622552712757,
    0.37536751727263135,
    0.492506455630064,
    0.39773941909273464,
    0.3606531210243702,
    0.34343564820786315,
    0.36258254821101826,
    0.42653552691141766,
    0.3770851058264573,
    0.4253702250619729,
    0.42921090995272,
    0.4275848666826884,
    0.349418584878246,
    0.35237424696485203,
    0.4181232837339242,
    0.3883491891125838,
    0.3623280208557844,
    0.3600263042996327,
    0.3273235720892747,
    0.37757180879513424,
    0.3367773989836375,
    0.36926492924491566,
    0.33471816033124924,
    0.3577710377673308,
    0.3437307756394148
  ],
  "val_mse_losses": [
    1.1105778626721314,
    0.913835448448104,
    0.7293066641297004,
    0.8559639188978407,
    0.7113760264232907,
    0.9327800153481839,
    0.5037318094812259,
    0.7445334232214725,
    0.6406622318306354,
    0.49493430840848673,
    0.6506942883886472,
    0.6522722629585651,
    0.7223471728238192,
    0.6902308608546401,
    0.5155135983168477,
    0.5558347557530259,
    0.5128403962260544,
    0.5289238727453983,
    0.5508228600627244,
    0.53090266988735,
    0.484886641454215,
    0.5084672311339715,
    0.45831697637384583,
    0.4624347734932948,
    0.45675546472722844,
    0.4802099189372978,
    0.4779027062233048,
    0.5007548284048986,
    0.49502060630104755,
    0.4642499865907612,
    0.6075262011903706,
    0.5001164445973405,
    0.505318217807346,
    0.5015053749084473,
    0.5787370903323396,
    0.4458756832161335,
    0.505672594513556,
    0.5073341408161203,
    0.4514899446506692,
    0.44411446349789396,
    0.43143991990522906,
    0.42880958980984163,
    0.43081006136807526,
    0.4250669142212531,
    0.4223744411661167,
    0.4233333751408741,
    0.41708040237426763,
    0.44012875508780436,
    0.43018597304218953,
    0.41488223124032064,
    0.4112124298558091,
    0.4626159234480424,
    0.4430984246610391,
    0.47622655136416653,
    0.3867244913120462,
    0.3895492698207046,
    0.429935118164679,
    0.41370579208990543,
    0.3769112018623737,
    0.4297148916456435,
    0.4708255421031605,
    0.46424894621877955,
    0.4320906003316244,
    0.3467806469310413,
    0.37334412757796465,
    0.3655355626886541,
    0.3533602964998496,
    0.36188740682120274,
    0.38437051965732766,
    0.35846259858873153,
    0.3568292145777231,
    0.35890752137309373,
    0.34723449957491176,
    0.3306231233808729,
    0.4350817323935152,
    0.3785821789442891,
    0.40579223632812506,
    0.3587475593643959,
    0.41012584801876184,
    0.36622219374685583,
    0.33187474867310196,
    0.34780022110601866,
    0.35044275148950443,
    0.3812633764864218,
    0.3392744401488641,
    0.3710022068986989,
    0.345652182896932,
    0.3623648556795987,
    0.35412833184906933,
    0.3261241647932264,
    0.3396682498430965,
    0.33449343238214047,
    0.3257912216764508,
    0.3263406079224866,
    0.3367718084894046,
    0.33646559715270996,
    0.33220902115407613,
    0.33022947504062844,
    0.3289097920812742,
    0.34354948275017017,
    0.33414676213505295,
    0.3388332501806394,
    0.32667612306999444,
    0.34240923024187186,
    0.3124491277367178,
    0.32404902005436437,
    0.3219485138401841,
    0.3346119697647866,
    0.32559453116522896,
    0.3423335768959739,
    0.3165444749774355,
    0.31827316862164123,
    0.335625713521784,
    0.3265655594642716,
    0.3383904924296369,
    0.33054302196310026,
    0.33182755383578216,
    0.32797530443981443,
    0.3255085246731536,
    0.3230206797821354,
    0.31691713044137665,
    0.3004155255327321,
    0.3075940055076522,
    0.31761070453759394,
    0.3096507920159234,
    0.301148058188082,
    0.3109428425027867,
    0.3116694122853906,
    0.30552483568287864,
    0.30942657258775497,
    0.31071525390702065,
    0.31492508541453973,
    0.3089335085165621,
    0.3089595346739798,
    0.3014074287029228,
    0.31483280056654805,
    0.3069196036367705,
    0.30746511497882884,
    0.3124669609647808,
    0.3191063957985001,
    0.30082767900794444,
    0.3107244149603025,
    0.3064398910060074,
    0.3189747502105405,
    0.3117131873814747,
    0.30920817153622404,
    0.31264006730281946
  ],