{
  "seed": 42,
  "num_views": 20,
  "token_dim": 5,
  "num_buses": 30,
  "device": "cuda",
  "epochs": 1500,
  "embed_dim": 128,
  "num_layers": 6,
  "batch_size": 32,
  "mask_ratio": 0.75,
  "lr": 0.0001,
  "weight_decay": 1e-05,
  "patience": 25,
  "memory_efficient": true,
  "accumulation_steps": 2,
  "timestamp": "2025-11-02T21:51:46.581670Z",
  "training_losses": [
    1.7597850208481152,
    0.9481544601420562,
    0.8762310321132342,
    0.7281722977757453,
    0.7112933744986852,
    0.7065100774168968,
    0.6638101935386658,
    0.6074013762176037,
    0.6064614454905192,
    0.670608165860176,
    0.594450322041909,
    0.6407018226881821,
    0.6667311310768128,
    0.6355857213338215,
    0.7590757300456366,
    0.5874471458295981,
    0.6148750675221284,
    0.5450591792662939,
    0.592207578321298,
    0.554300032556057,
    0.5361693869034448,
    0.5374899849295616,
    0.5504205919802189,
    0.5112718676527341,
    0.5091661222279072,
    0.4947724754611651,
    0.4609063303718965,
    0.5183427070577941,
    0.46412246252099676,
    0.477446261793375,
    0.4740818319221338,
    0.45386022726694747,
    0.4719466884930929,
    0.478410816937685,
    0.44079080770413076,
    0.3891110558062792,
    0.4155164721111457,
    0.44163919265071555,
    0.39321562449137365,
    0.40061785827080415,
    0.44030596191684407,
    0.3910462814072768,
    0.3820528986553351,
    0.3920698521037896,
    0.3859952303270498,
    0.37914075131217634,
    0.4103390760719776,
    0.43067147334416706,
    0.3676601557681958,
    0.37384208093086874,
    0.3652907462169727,
    0.38221463809410733,
    0.36739817013343173,
    0.3992571922640005,
    0.36978047564625743,
    0.34518026101092497,
    0.37715658446153005,
    0.35675692930817604,
    0.38032382552822436,
    0.35945417570571103,
    0.35016886318723356,
    0.36536595125993093,
    0.3592340206106504,
    0.346177027001977,
    0.34927996620535856,
    0.39190357128779096,
    0.4116920789082845,
    0.4065685823559761,
    0.37925992334882414,
    0.356185777982076,
    0.3243440999339024,
    0.31980428397655486,
    0.3513640339175861,
    0.32810821359356246,
    0.3444598340739806,
    0.36170999680956206,
    0.3478998171786467,
    0.31158910592397054,
    0.32848189150293666,
    0.3444125695774953,
    0.2976440725227197,
    0.32312717338403063,
    0.3236871461073557,
    0.3254434313625097,
    0.30155755889912444,
    0.3219009134918452,
    0.29025412711004417,
    0.30952882108589014,
    0.2860091421753168,
    0.2903260689228773,
    0.30562279745936394,
    0.31487285780409974,
    0.3032659536848466,
    0.31009124852716924,
    0.3002270235369603,
    0.3114253311107556,
    0.2707306937625011,
    0.2609953043361505,
    0.3038958086321752,
    0.30321091090639435,
    0.2896905280649662,
    0.26942388402918976,
    0.26639532546202344,
    0.2482027073701223,
    0.25472105704247955,
    0.27102989703416824,
    0.24401212856173513,
    0.25139676270385586,
    0.25104784257709983,
    0.22863071771959462,
    0.21946228041003146,
    0.22965214891980093,
    0.2353529796625177,
    0.2328055640061696,
    0.2451623598734538,
    0.23250389241923886,
    0.2485217895358801,
    0.2432231482118368,
    0.24661555401980872,
    0.22399597217639286,
    0.23623111930986243,
    0.22092685662209985,
    0.24576815652350584,
    0.22690649603803956,
    0.2432316659639279,
    0.23576725249489147,
    0.24001441157112516,
    0.20643301289528607,
    0.21352974871794383,
    0.22137276319166024,
    0.21408550503353277,
    0.19994257818907502,
    0.2208049566795429,
    0.221509405101339,
    0.20095349047333003,
    0.18923016842454674,
    0.20011869867642726,
    0.21086299953361354,
    0.18929612413048744,
    0.1892121871312459,
    0.17879663358132047,
    0.18523640241473915,
    0.17753032961239415,
    0.18078401361902555,
    0.1780695599814256,
    0.17850594588865834,
    0.1772458240389824,
    0.18510781998435655,
    0.18643700958540044,
    0.16745967343449594,
    0.18458564405639966,
    0.17161481995135544,
    0.17640803903341293,
    0.1627886070869863,
    0.17694085327287515,
    0.1661506977553169,
    0.1669097725301981,
    0.17199625267336763,
    0.15502294128139812,
    0.1574545146897435,
    0.1557635936886072,
    0.15803810364256302,
    0.1483674122331043,
    0.1419399795122445,
    0.15807817019522188,
    0.15759255699813365,
    0.13686176162833968,
    0.15721809423218172,
    0.15140210905422766,
    0.14143721852451563,
    0.1513259575391809,
    0.13398078385119636,
    0.14118108743180832,
    0.16074193629125755,
    0.13395991136009494,
    0.13842422539989152,
    0.1475284687553843,
    0.13217876733591158,
    0.13884417718897266,
    0.15508632467438777,
    0.13254685023178658,
    0.13547858009114863,
    0.14581805082658927,
    0.12645961806798975,
    0.1553668794532617,
    0.14311334723606706,
    0.12987825221692523,
    0.13790289784471194,
    0.12282720524817707,
    0.12616018416980904,
    0.14289158744116623,
    0.12352324541037281,
    0.12863222872838376,
    0.14127306037892898,
    0.13864893031617004,
    0.12501619247098764,
    0.13768470998232563,
    0.13187604242314896,
    0.1278974585235119,
    0.1174259682185948,
    0.13021929195771614,
    0.12841555646931133,
    0.12069158467153708,
    0.12611946885784467,
    0.1219735280610621,
    0.12925192713737488,
    0.12222770396620035,
    0.12204062693441907,
    0.11806315776581566,
    0.12294570415591201,
    0.12965840473771095,
    0.12332287567357221,
    0.12349196402356027,
    0.11945327610398332,
    0.12544463872909548,
    0.11773806079290806,
    0.110533103113994,
    0.11980164268364508,
    0.1292278166860342,
    0.11721972711384297,
    0.12016756118585664,
    0.1261041158810258,
    0.11504022134467957,
    0.11797230107088881,
    0.13993818735082944,
    0.12062272330125172,
    0.1164291050285101,
    0.1322197299140195,
    0.11891768425703048,
    0.1159330088024338,
    0.10872988533228635,
    0.11540384679101406,
    0.11351242618014416,
    0.12233301140367984,
    0.11797098455329737,
    0.1157705771115919,
    0.11588076064363122,
    0.12572597417359552,
    0.1128838060113291
  ],