{
  "seed": 42,
  "num_views": 1,
  "token_dim": 5,
  "num_buses": 30,
  "device": "cuda",
  "epochs": 1500,
  "embed_dim": 128,
  "num_layers": 6,
  "batch_size": 256,
  "mask_ratio": 0.75,
  "lr": 0.0001,
  "weight_decay": 1e-05,
  "patience": 25,
  "memory_efficient": false,
  "accumulation_steps": 2,
  "timestamp": "2025-11-02T20:13:04.165982Z",
  "training_losses": [
    2.1624979972839355,
    2.1890451908111572,
    1.9523158073425293,
    0.9411859512329102,
    1.0018550157546997,
    1.1238518953323364,
    0.9301125407218933,
    0.7179620862007141,
    0.9586973786354065,
    0.9931318759918213,
    0.8085562586784363,
    0.7518404126167297,
    0.7347085475921631,
    0.8438130021095276,
    0.7118017673492432,
    0.6339085698127747,
    0.6922811269760132,
    0.7046391367912292,
    0.5963340401649475,
    0.6857171058654785,
    0.739018440246582,
    0.6702964305877686,
    0.5647846460342407,
    0.6868956685066223,
    0.8205835819244385,
    0.6899939179420471,
    0.6211411952972412,
    0.6231583952903748,
    0.6467207074165344,
    0.7215588092803955,
    0.6373828053474426,
    0.6220470070838928,
    0.6284600496292114,
    0.5968248844146729,
    0.5583711266517639,
    0.5593604445457458,
    0.5909613966941833,
    0.5590397715568542,
    0.5700011849403381,
    0.5494697093963623,
    0.5599604249000549,
    0.5954572558403015,
    0.5705709457397461,
    0.5409417152404785,
    0.5363935828208923,
    0.5510997772216797,
    0.5301787853240967,
    0.5994389653205872,
    0.5842123627662659,
    0.5297524929046631,
    0.5456157326698303,
    0.5263200998306274,
    0.5349584817886353,
    0.5381135940551758,
    0.532994270324707,
    0.531720757484436,
    0.5292738080024719,
    0.5356772541999817,
    0.530469536781311,
    0.5161782503128052,
    0.5390940308570862,
    0.5333234071731567,
    0.5227565765380859,
    0.510668933391571,
    0.5206696391105652,
    0.4961290955543518,
    0.5258176922798157,
    0.5049916505813599,
    0.5220084190368652,
    0.510122537612915,
    0.5124287605285645,
    0.4979376196861267,
    0.5329370498657227,
    0.5237571001052856,
    0.5298314690589905,
    0.5113106966018677
  ],
  "val_mse_losses": [
    2.1553292322640467,
    2.1853924375591856,
    0.8672165533508918,
    1.1503626505533855,
    1.2296997224441681,
    0.9543432370580808,
    0.7052631570835306,
    1.0179050329959753,
    0.9144005052971117,
    0.9213155881322995,
    0.6743664982342961,
    0.7236437556719539,
    0.840280243844697,
    0.6068004646686592,
    0.5974840877032039,
    0.5947924912577928,
    0.6493513319227431,
    0.643451305350872,
    0.7133611813940183,
    0.765245379823627,
    0.6943629871715199,
    0.5800854076038707,
    0.7801958334566367,
    0.7465952092950995,
    0.7808393998579546,
    0.6527668346058239,
    0.5699546505706479,
    0.648715240786774,
    0.8266817343355429,
    0.5944246234315814,
    0.5914906973790641,
    0.6404619313249684,
    0.609653434368095,
    0.5869117890945589,
    0.5686622003112176,
    0.5475715097754893,
    0.5326596655026831,
    0.5192440302685054,
    0.5376089076803188,
    0.55907447892006,
    0.5408059322472775,
    0.5857166714138455,
    0.5264346190173217,
    0.5294009892627446,
    0.5886420047644413,
    0.5217698222458965,
    0.6249875155362216,
    0.7178144358625316,
    0.5708129189231179,
    0.5769921119767006,
    0.4700100060665246,
    0.5870621421120383,
    0.5201381336558949,
    0.5278954939408735,
    0.5476538147589173,
    0.5212512160792495,
    0.5722200027619949,
    0.5842896663781368,
    0.49444375856958256,
    0.58984375,
    0.524871132590554,
    0.5151510142316722,
    0.5900353325737847,
    0.4981909857855903,
    0.5320688883463541,
    0.5263157468853574,
    0.5065575801964962,
    0.5289846092763574,
    0.5438259394481929,
    0.5553877088758681,
    0.49721091684668955,
    0.5548298768322877,
    0.5092480592053346,
    0.5148735431709675,
    0.578746988315775,
    0.5211526889993687
  ],
  "val_mae_losses": [
    1.175328264332781,
    1.2517924453272964,
    0.7174193257033222,
    0.8199478303543245,
    0.8872412479285038,
    0.785746718897964,
    0.6762821698429609,
    0.7956291738182607,
    0.765067129424124,
    0.7795169714725378,
    0.65743987728851,
    0.6399687564734257,
    0.72612392541134,
    0.617209463408499,
    0.5987892150878906,
    0.609165345779573,
    0.6363410564384075,
    0.6388678502554845,
    0.6330535965736466,
    0.6788655290699969,
    0.6416769316702178,
    0.5845077977035985,
    0.6878736862028488,
    0.6932205816712043,
    0.6998998468572443,
    0.6281606500799005,
    0.6111074890753235,
    0.6210955995501894,
    0.6944580848770913,
    0.6104801447704585,
    0.5851081308692393,
    0.6198805221403488,
    0.5893833275997278,
    0.5732724738843513,
    0.5803937045010653,
    0.5795955850620462,
    0.5778118865658538,
    0.5620450106534091,
    0.5790920064906881,
    0.5764937737975457,
    0.5902832493637548,
    0.5793411563141178,
    0.5517363885436395,
    0.5587521562672625,
    0.5820729419438526,
    0.5496538720949732,
    0.6076498705931385,
    0.6486781727183949,
    0.581073375663372,
    0.6032514475812816,
    0.5397034462052163,
    0.5633445123229364,
    0.5601081077498619,
    0.5473176590119949,
    0.583151846220999,
    0.5492760629364939,
    0.5949383359966856,
    0.5848265753851997,
    0.5454325049814551,
    0.5869585673014323,
    0.56002838443024,
    0.5591602518100931,
    0.5803582933213975,
    0.5500349950308752,
    0.5713653564453125,
    0.5673134158356021,
    0.5582974751790365,
    0.5608150983097577,
    0.5642329129305753,
    0.5480915031047783,
    0.5348789716007734,
    0.5686515653976286,
    0.5591162479285038,
    0.546670624704072,
    0.567612542046441,
    0.5670263117009943
  ],
  "total_training_time_sec": 2.014005661010742,
  "best_val_mse": 0.4700100060665246,
  "best_epoch": 50,
  "final_val_mse": 0.5211526889993687,
  "min_val_mae": 0.5348789716007734
}