{
  "seed": 42,
  "num_views": 20,
  "token_dim": 5,
  "num_buses": 30,
  "device": "cuda",
  "epochs": 1500,
  "embed_dim": 128,
  "num_layers": 6,
  "batch_size": 32,
  "mask_ratio": 0.75,
  "lr": 0.0001,
  "weight_decay": 1e-05,
  "patience": 25,
  "memory_efficient": true,
  "accumulation_steps": 2,
  "timestamp": "2025-11-02T22:02:13.492693Z",
  "training_losses": [
    0.9188778097812945,
    0.6532836448687773,
    0.5881326577411248,
    0.5542645497963979,
    0.5302910567476199,
    0.5218899014477545,
    0.4718562947442898,
    0.45290297854405187,
    0.4375096791638778,
    0.422385166413509,
    0.41806479325661294,
    0.4084648365011581,
    0.3980904941375438,
    0.3980297297239304,
    0.37816061750054364,
    0.36039949495058793,
    0.34241261923542393,
    0.3311995433500179,
    0.3140842225402594,
    0.3012354358457602,
    0.2887596444155161,
    0.2754789974540472,
    0.26655524768508393,
    0.2561450737313582,
    0.24029197824689058,
    0.22924615385440683,
    0.21765186798114045,
    0.2029019290438065,
    0.19193203900582517,
    0.1786087184428022,
    0.17525770131212018,
    0.16624323440572392,
    0.165371375115445,
    0.15686325820592734,
    0.15828346736156024,
    0.14982475116848945,
    0.14613818242572815,
    0.14240450854771416,
    0.13823886871911012,
    0.1379316224358403,
    0.1347308361472992,
    0.13013282080109304,
    0.12530600786782228,
    0.12440034599544912,
    0.1238370380435999,
    0.11962778657101669,
    0.12011037061993896,
    0.11356624499536475,
    0.1088700342636842,
    0.10747167396430787,
    0.10621766795475893,
    0.10479692230001092,
    0.10069394715560168,
    0.09953693500361764,
    0.09829488331452013,
    0.09797944427252964,
    0.09561399048051009,
    0.09272687036830646,
    0.09103704031843406,
    0.09104806059398331,
    0.0873003381734284,
    0.0871599225184092,
    0.08695856342092158,
    0.08317765323445202,
    0.08377471281072268,
    0.08424160677509815,
    0.08143538389211663,
    0.08157635575446943,
    0.07796695207317288,
    0.07841072886322555,
    0.07761102757918148,
    0.07599995390583689,
    0.0775850311924632,
    0.07472486498837289,
    0.07245736452750863,
    0.07217686532351833,
    0.07194521874905778,
    0.0715394548068826,
    0.06804941066612417,
    0.0686689743736329,
    0.06721869050883328,
    0.067727633823569,
    0.0679422926945755,
    0.06845291744057949,
    0.0666051487510021,
    0.06446840591871968,
    0.0643076973107572,
    0.06560951753591117,
    0.06327700558333443,
    0.06184158277196382,
    0.060749517420593355,
    0.060427496564359626,
    0.059240004198195834,
    0.05877488244396563,
    0.05860128846879188,
    0.05816992710774334,
    0.05740727627864825,
    0.057434629290722884,
    0.05752816363237798,
    0.05650535558995146,
    0.055439818123928626,
    0.055300839646504486,
    0.055761637775084145,
    0.05478699345929691,
    0.053576392368771715,
    0.05426915714947077,
    0.05376066669750101,
    0.05357245099372588,
    0.05354475865068918,
    0.05133033956830891,
    0.04984127251216426,
    0.050864100545788035,
    0.05069584523399289,
    0.04991169873839961,
    0.050831879095102714,
    0.049443085226588517,
    0.048439551929298504,
    0.04755904159795206,
    0.05036710099890255,
    0.048989820655865164,
    0.04630119031868302,
    0.045925385952712255,
    0.04525197498643628,
    0.04545716436293263,
    0.045844946669128084,
    0.0451451696204738,
    0.0444675673587391,
    0.04469849620229349,
    0.0448140581854834,
    0.04405066411798963,
    0.04438300349104863,
    0.043273501223526314,
    0.044167776742520246,
    0.04370350659681627,
    0.043938945982461945,
    0.04333350003983539,
    0.043237304178854595,
    0.04326717674445647,
    0.04325586944961778,
    0.04261492223550494,
    0.043383173293505724,
    0.04212393564566109,
    0.04177513611502946,
    0.04158546338216042,
    0.04178756318914775,
    0.04343238618726339,
    0.041237423862688805,
    0.04158069983733674,
    0.040946137962433,
    0.04170733963569196,
    0.04184082739341718,
    0.040849374367210735,
    0.04020244903289354,
    0.03990501597738609,
    0.04134995356703608,
    0.040894495548966986,
    0.041368470083062464,
    0.03979198518925561,
    0.04045440520947941,
    0.04001844157106601,
    0.03927642781681452,
    0.03876883341715885,
    0.03877523134175974,
    0.038792519464802284,
    0.03901585722521235,
    0.038685974367679316,
    0.038625873249167435,
    0.03946900747788067,
    0.03868871051818132,
    0.037935154856397556,
    0.03889878339922199,
    0.038359814359304995,
    0.03842241039786201,
    0.03849894906967306,
    0.03650700745101158,
    0.0375231471306716,
    0.0383988496238509,
    0.03816478971678477,
    0.03850251076241525,
    0.037717983902145466,
    0.03746172151026818,
    0.03665447059947137,
    0.03748652119762622,
    0.038103000049550945,
    0.037568566797731004,
    0.03754586146678775,
    0.03759050861072655,
    0.036563007680412665,
    0.03748964836928421,
    0.03697238540491807,
    0.036944201103268334,
    0.036416326864407614,
    0.03644104738397381,
    0.03697097060055686,
    0.0363011511365095,
    0.036649685711241685,
    0.036534283625391815,
    0.03650735165888013,
    0.03610195679088624,
    0.03661134144864403,
    0.035621718127423756
  ],