{
  "seed": 42,
  "num_views": 1,
  "token_dim": 5,
  "num_buses": 30,
  "device": "cuda",
  "epochs": 1500,
  "embed_dim": 128,
  "num_layers": 6,
  "batch_size": 128,
  "mask_ratio": 0.75,
  "lr": 0.0001,
  "weight_decay": 1e-05,
  "patience": 25,
  "memory_efficient": false,
  "accumulation_steps": 2,
  "timestamp": "2025-11-03T17:31:38.987912Z",
  "training_losses": [
    1.0770854018628597,
    0.6282871682196856,
    0.5809235889464617,
    0.5247998796403408,
    0.4854987561702728,
    0.43958769366145134,
    0.42693549674004316,
    0.4093220243230462,
    0.3986832220107317,
    0.39049793407320976,
    0.37690229434520006,
    0.36050577461719513,
    0.3419329673051834,
    0.322860318236053,
    0.3081982070580125,
    0.28974401112645864,
    0.27398166758939624,
    0.2646322953514755,
    0.2504787561483681,
    0.22888189228251576,
    0.21669747633859515,
    0.20091332867741585,
    0.1927716159261763,
    0.18028764380142093,
    0.17603466706350446,
    0.16680102422833443,
    0.16284844558686018,
    0.15666562737897038,
    0.154118885518983,
    0.1502259138505906,
    0.14839721517637372,
    0.14301089337095618,
    0.13855320727452636,
    0.13979389425367117,
    0.13781600259244442,
    0.1383505603298545,
    0.13128540525212884,
    0.12728758249431849,
    0.1301756426692009,
    0.1224060149397701,
    0.12575416988693178,
    0.12138256477192044,
    0.11837752372957766,
    0.11540920822881162,
    0.11476990184746683,
    0.11429825029335916,
    0.11469947174191475,
    0.10661051026545465,
    0.10730854095891118,
    0.10638019489124417,
    0.10155544802546501,
    0.100585978012532,
    0.10146916168741882,
    0.10107774077914655,
    0.09810758056119084,
    0.09485853998921812,
    0.09514872264117002,
    0.09495016769506037,
    0.09044184209778905,
    0.08877894678153098,
    0.08714455924928188,
    0.0874314671382308,
    0.08528995211236179,
    0.08931930991820991,
    0.08409871975891292,
    0.08187155658379197,
    0.08193320222198963,
    0.07833395793568343,
    0.07818811293691397,
    0.07803959213197231,
    0.07738428190350533,
    0.07639409112744033,
    0.07441569271031767,
    0.07587497413624078,
    0.07506832806393504,
    0.07138471072539687,
    0.07272468134760857,
    0.07247126044239849,
    0.07372472027782351,
    0.07250799820758402,
    0.06823254050686955,
    0.07001014589332044,
    0.06754980748519301,
    0.06846814730670303,
    0.06669170723762363,
    0.06523161591030657,
    0.06488438020460308,
    0.06454914761707187,
    0.06366372399497777,
    0.06455244414974004,
    0.0639778251061216,
    0.06439989851787686,
    0.06545773160178214,
    0.06276458862703294,
    0.06121210928540677,
    0.0608086985303089,
    0.060129408026114106,
    0.060712038772180676,
    0.059160440461710095,
    0.05686002760194242,
    0.05945863272063434,
    0.061350434087216854,
    0.05921365553513169,
    0.060365826822817326,
    0.05703614198137075,
    0.05686488258652389,
    0.056377906585112214,
    0.05539902101736516,
    0.052287044236436486,
    0.05335740849841386,
    0.0532512697391212,
    0.050916707958094776,
    0.050067704170942307,
    0.050219490425661206,
    0.05132082127965987,
    0.05375026259571314,
    0.049936137394979596,
    0.05076071457006037,
    0.051192974438890815,
    0.05372080870438367,
    0.0510061850072816,
    0.0509912435663864,
    0.04969023878220469,
    0.049393552471883595,
    0.04864731151610613,
    0.05001016124151647,
    0.04817474936135113,
    0.05032664642203599,
    0.049458197434432805,
    0.0506414599949494,
    0.04942629369907081,
    0.05057721980847418,
    0.047646092250943184,
    0.04810410551726818,
    0.04573626269120723,
    0.04540636809542775,
    0.045225454261526465,
    0.046320083434693515,
    0.0467718041036278,
    0.047264446038752794,
    0.04646663391031325,
    0.04502508172299713,
    0.044265470118261874,
    0.04449589271098375,
    0.04615510394796729,
    0.04555473173968494,
    0.04586869676131755,
    0.04643089394085109,
    0.04319114366080612,
    0.04511444002855569,
    0.04537512280512601,
    0.04413190018385649,
    0.04449617862701416,
    0.04298302996903658,
    0.0428063056897372,
    0.04498446546494961,
    0.04455437767319381,
    0.04335548193193972,
    0.045441804570145905,
    0.0450472270604223,
    0.04283700056839734,
    0.04399776773061603,
    0.04320917115546763,
    0.04352865263354033,
    0.04453192977234721,
    0.04378605273086578,
    0.04432975174859166,
    0.04400932160206139,
    0.04250629502348602,
    0.042725537437945604,
    0.04178853542543948,
    0.042099717538803816,
    0.043180248234421015,
    0.045368694118224084,
    0.04382501024520025,
    0.04213205864652991,
    0.04336191643960774,
    0.04322567186318338,
    0.04272361588664353,
    0.04419962305109948,
    0.04263868660200387,
    0.0437020753743127,
    0.04196948080789298,
    0.04086396825732663,
    0.04378472035750747,
    0.04291851969901472,
    0.04536846769042313,
    0.041328099789097905,
    0.041697651729919016,
    0.04110594105441123,
    0.043115315842442214,
    0.04424921004101634,
    0.0399483545916155,
    0.043115796870552,
    0.041610205720644444,
    0.04123669979162514,
    0.04031196900177747,
    0.04202479065861553,
    0.04066694341599941,
    0.0432122522033751,
    0.0410495413816534,
    0.040824040479492396,
    0.040916448284406215,
    0.04150876204948872,
    0.04312469146680087,
    0.04313999623991549,
    0.04154582356568426,
    0.04024758661398664,
    0.04179237375501543,
    0.04082507244311273,
    0.0424455861793831,
    0.04006492445478216,
    0.04106040688930079,
    0.042326847673393786,
    0.03990212589269504
  ],