{
  "seed": 42,
  "num_views": 10,
  "token_dim": 5,
  "num_buses": 30,
  "device": "cuda",
  "epochs": 1500,
  "embed_dim": 128,
  "num_layers": 6,
  "batch_size": 64,
  "mask_ratio": 0.75,
  "lr": 0.0001,
  "weight_decay": 1e-05,
  "patience": 25,
  "memory_efficient": true,
  "accumulation_steps": 2,
  "timestamp": "2025-11-03T23:38:36.831464Z",
  "training_losses": [
    0.7983193096704783,
    0.5464582765009252,
    0.4681281272787601,
    0.41890715127810824,
    0.3864295326173306,
    0.34815230094827704,
    0.3137110199779272,
    0.2777437265496701,
    0.24684232315048565,
    0.20982825760729615,
    0.18191115276422348,
    0.1615079565788619,
    0.15115290092071523,
    0.14294017520733174,
    0.1378032334614545,
    0.1303860048414208,
    0.12627520665992054,
    0.1202640071860515,
    0.11555956364609303,
    0.10869850960443724,
    0.1042115892865695,
    0.10075314230052752,
    0.09669016621774061,
    0.09421580141643064,
    0.09091963313403535,
    0.0872329255740624,
    0.08342474258388395,
    0.08136081435368395,
    0.07754349795868618,
    0.07443298865691758,
    0.0729697995644528,
    0.0698800835525617,
    0.06896769560989924,
    0.06608382836566307,
    0.06461668810225091,
    0.06137642702669836,
    0.060026226355694226,
    0.05925885475007818,
    0.057847120985388745,
    0.05655464613228106,
    0.05556997916428374,
    0.05410555017879231,
    0.053907649620668956,
    0.052176421799231334,
    0.05039760346116964,
    0.0500218287692405,
    0.04912376380525531,
    0.04857925687974784,
    0.0480516427749535,
    0.04687417403329164,
    0.0460500857094303,
    0.046495936563587734,
    0.044545480847591544,
    0.04426780837820844,
    0.043353906751144686,
    0.04340641035523731,
    0.043688162448233925,
    0.041823946905788036,
    0.04152127495617603,
    0.04131207496393472,
    0.04015693728288169,
    0.04034257873136085,
    0.04032306640874594,
    0.040081138841924255,
    0.03819393010053319,
    0.037996875811950305,
    0.038001842936500906,
    0.03796712406910957,
    0.03702863317448646,
    0.03732085151423235,
    0.03606348398898262,
    0.03692406433401628,
    0.03705499677162153,
    0.0357844181417022,
    0.03528925935097506,
    0.035100773724843756,
    0.03440544629993383,
    0.03475845502980519,
    0.034052711370168263,
    0.03356128286977765,
    0.034123055957024924,
    0.03335141571005807,
    0.03295793627185048,
    0.0319616825756384,
    0.03267305915360339,
    0.03232337626104708,
    0.032404415201745,
    0.03271117082622368,
    0.031160880668903698,
    0.031809999629331294,
    0.03136995503446089,
    0.03118845832941588,
    0.031237504957243804,
    0.029958831428666607,
    0.03057493245578371,
    0.03001137700193794,
    0.02995096460654167,
    0.029732468059228277,
    0.02945946360850939,
    0.02970537678629626,
    0.029847283140406945,
    0.029300194722600283,
    0.02902047676179792,
    0.02803963446203853,
    0.02909019705111861,
    0.029116618416446718,
    0.02842309665575157,
    0.028062525698624077,
    0.02819538877083687,
    0.027731719940493352,
    0.027270701287488916,
    0.027207938680658114,
    0.026937877413001847,
    0.02745671857410344,
    0.027066880869097084,
    0.027218496077694006,
    0.026478656653489446,
    0.026585221530694994,
    0.026481480276561338,
    0.026341666476218956,
    0.026720815221779038,
    0.025815093965502453,
    0.026458728668512774,
    0.02490376535715769,
    0.025275111786322666,
    0.025711487080843656,
    0.026047406556608612,
    0.02545974242675584,
    0.025003436279075687,
    0.024900467525003484,
    0.02462609582144069,
    0.025497915927553554,
    0.024726816476322716,
    0.024234567974053784,
    0.024699523992603643,
    0.02425509625027189,
    0.02459143265587046,
    0.02372109034622554,
    0.022844742675079036,
    0.02241038648644462,
    0.022533783623657648,
    0.022285786351130814,
    0.022146203526062887,
    0.02212651560112135,
    0.02197952817223268,
    0.021734942105831587,
    0.021877459870302117,
    0.02167712810041849,
    0.02151548934198218,
    0.02176550441508879,
    0.021167293551843613,
    0.0215145772715914,
    0.021195295828511013,
    0.021874968637712308,
    0.02135663595108781,
    0.02140831172728212,
    0.021609347121557217,
    0.021012758211873005,
    0.021184268985234674,
    0.02177368009724886,
    0.021249232855916483,
    0.021051683829864488,
    0.020726340571127367,
    0.020657733897678564,
    0.021165792111423803,
    0.020944169843278366,
    0.02091849051648751,
    0.020915561419678853,
    0.021317029060446656,
    0.019997645946568804,
    0.0196478185520391,
    0.01993803382647457,
    0.019658867210091555,
    0.020104705785342965,
    0.019689052885223653,
    0.019309365806111603,
    0.019647978007560598,
    0.019495647533040027,
    0.01918854704854311,
    0.019329452438978476,
    0.01938516675872961,
    0.019486092202714647,
    0.019363603563397194,
    0.01922517502680421,
    0.01960170627426123,
    0.019726811483269557,
    0.01945445625024149,
    0.019486149575095632,
    0.019416501349769532,
    0.018791778433660516,
    0.018774276612384712,
    0.018481113418238243,
    0.01837188467034138,
    0.018872195815492883,
    0.018661799689289185,
    0.018215247397893115,
    0.01844897039409261,
    0.01847927881462965,
    0.018933187662332783,
    0.018792834239138762,
    0.018683951588900537,
    0.018330947558570183,
    0.01834555965469917,
    0.018629065953427934,
    0.018462963659840168,
    0.018275198280753104,
    0.018684580882836598,
    0.018725546733185185,
    0.018654165058978836,
    0.018388524385227357,
    0.01839253151701996,
    0.01868698141552158,
    0.018141885116347112,
    0.018307549992459825,
    0.018274681117327427,
    0.01822140186995966,
    0.018192762202670566,
    0.018172593758208677,
    0.01804895649111131,
    0.01770701654168079,
    0.0181911379477242,
    0.01784172220504843,
    0.018041576711402742,
    0.017929767606256062,
    0.018102194821403832,
    0.017924665108148472,
    0.01782041947008111,
    0.017791468162613455,
    0.017898987788066735,
    0.01788568708579987,
    0.017998015126795504,
    0.018153327415348034,
    0.017704424927069338,
    0.01783252410823479,
    0.01788184938632185,
    0.01810300181095954,
    0.018035545869497578,
    0.018032478162785994,
    0.017749921917857132,
    0.017606484861607898
  ],