{
  "seed": 42,
  "num_views": 50,
  "token_dim": 5,
  "num_buses": 30,
  "device": "cuda",
  "epochs": 1500,
  "embed_dim": 128,
  "num_layers": 6,
  "batch_size": 12,
  "mask_ratio": 0.75,
  "lr": 0.0001,
  "weight_decay": 1e-05,
  "patience": 25,
  "memory_efficient": true,
  "accumulation_steps": 2,
  "timestamp": "2025-11-03T01:30:01.193061Z",
  "training_losses": [
    1.8597518272059301,
    1.139296280315944,
    0.8046877428463527,
    0.6522051422936576,
    0.6507456587042127,
    0.6779968299184527,
    0.5928559060607638,
    0.6480075797864367,
    0.5805676827260425,
    0.5678643438645772,
    0.5508241359676633,
    0.555983129314014,
    0.5271722670112338,
    0.5125945494856153,
    0.5115596618822643,
    0.5088429439067841,
    0.4885736136777061,
    0.5055704133851187,
    0.5028533211776188,
    0.47315850990159175,
    0.47721796538148603,
    0.4617347946337291,
    0.43581501458372385,
    0.4261012159075056,
    0.4418445714030947,
    0.40285687335899895,
    0.40344170549086167,
    0.4052141328368868,
    0.39401756916727343,
    0.3854965791531971,
    0.3776631932599203,
    0.4037820205518177,
    0.38515043718474257,
    0.381139253463064,
    0.38055969238281245,
    0.37164595791271754,
    0.3781724977493286,
    0.3799692571163177,
    0.3839276900461742,
    0.3741230202572687,
    0.370570530806269,
    0.36797018034117557,
    0.3686809941700527,
    0.3577785428506987,
    0.34638727673462455,
    0.35383733059678757,
    0.35220985374280384,
    0.3440801820584706,
    0.34260468700102403,
    0.34484204036848887,
    0.3374250864556858,
    0.3379047882556915,
    0.33096417192901884,
    0.32517377236059736,
    0.3296392080187798,
    0.3194058432323592,
    0.31117129027843476,
    0.30736087547881263,
    0.31276848090546466,
    0.3064488276413508,
    0.299349676157747,
    0.2992089803729739,
    0.29390744554144993,
    0.28734799363783425,
    0.2923908415010997,
    0.2903313646571977,
    0.28720339992216654,
    0.2817065588065556,
    0.28578901750700814,
    0.28119901414428433,
    0.2747781951086862,
    0.2671461760572024,
    0.2697199927909034,
    0.27057564650263105,
    0.2806457892911775,
    0.26134490506989616,
    0.2577586693848883,
    0.2563757491537503,
    0.2603182091457503,
    0.24978420134101592,
    0.25443659471614016,
    0.25034855825560437,
    0.24390110296862466,
    0.25383355502571375,
    0.24219753265380858,
    0.2436915630527905,
    0.24279799295323237,
    0.23301195536340982,
    0.23017889205898556,
    0.243109039749418,
    0.2262412305814879,
    0.2206055379765374,
    0.23486495328801021,
    0.22561152981860297,
    0.22413743964263372,
    0.222019770017692,
    0.21853337786027363,
    0.2130419475265912,
    0.2117259556055069,
    0.2173656032766614,
    0.2141433105724199,
    0.2046507857952799,
    0.2114096031018666,
    0.20309063400541033,
    0.20682091585227422,
    0.20270985667194638,
    0.19771509123700004,
    0.20258266397884914,
    0.20420180797576906,
    0.19314005992242267,
    0.18905396003808292,
    0.1913337816510882,
    0.18839818605354855,
    0.1862890569439956,
    0.18259381017514636,
    0.1892732561698982,
    0.18142203958971162,
    0.17565827405878473,
    0.17679749018379617,
    0.17949023753404617,
    0.17134225630334443,
    0.16825781852006913,
    0.16255084965910233,
    0.16152015907423836,
    0.15771108923213825,
    0.15797025386776245,
    0.15380444083895004,
    0.15492860370448658,
    0.15375341658081326,
    0.15176198595336504,
    0.14645950698426788,
    0.15044139002050674,
    0.1471749162248203,
    0.1453102782155786,
    0.14300228465880666,
    0.14552723467350007,
    0.1442913293838501,
    0.14204383971435686,
    0.14096028210861342,
    0.13954978291477477,
    0.13859844388706344,
    0.1364050071792943,
    0.139102423787117,
    0.13668177270463536,
    0.13386057421565056,
    0.13349310740828516,
    0.12820217285837446,
    0.13167975708842278,
    0.13183458988155636,
    0.13319232521312577,
    0.127013959224735,
    0.1311797682302339,
    0.12903509459325244,
    0.1258121898983206,
    0.12775045035140856,
    0.12712771166648182,
    0.12754321845514432,
    0.12489553953920093,
    0.1262353734033448,
    0.12507283178823334,
    0.12311598143407276,
    0.12634769771780285,
    0.1248527284179415,
    0.12537969125168666,
    0.12182477729661124,
    0.12329209395817349,
    0.12105217167309353,
    0.12337605080434254,
    0.12072510847023554,
    0.12128304943442345,
    0.11862639840160098,
    0.12271195013608252,
    0.12239943387252941,
    0.11952740239245552,
    0.12119006205882345,
    0.12151411307709557,
    0.12030389096055713,
    0.12166427173784801,
    0.12040804805500165,
    0.11653462782502175,
    0.1190526333451271,
    0.1192452469255243,
    0.11666617495673041,
    0.11748076253703663,
    0.11772768755044256,
    0.11564207492130144,
    0.11827039461050715,
    0.11717034727334977,
    0.11725989563124521,
    0.11476102803434644,
    0.11739932187965937,
    0.11796899097306389,
    0.1152399481939418,
    0.11655412520681109,
    0.11817571957196507,
    0.11593263132231577,
    0.11547204043184009,
    0.11240468648927553,
    0.11365894057920999,
    0.11669761825885093,
    0.11507828216467586,
    0.11503192505666189,
    0.1159891263289111,
    0.11517031584467208,
    0.11367124125361441,
    0.11475951558777264,
    0.11553292506507465,
    0.11480629478182111,
    0.11270361992929663,
    0.11445301434823443,
    0.11602062169994627,
    0.11439844215554851,
    0.11549510772739138,
    0.11394375024097306,
    0.11335814627153533,
    0.11402046467576708,
    0.11337793810026986,
    0.11301108698759761,
    0.11361816218921116,
    0.11540869433965002,
    0.1134635505080223,
    0.11307282322219439,
    0.11288789361715316,
    0.11082583438072886
  ],