{
  "seed": 42,
  "num_views": 40,
  "token_dim": 5,
  "num_buses": 30,
  "device": "cuda",
  "epochs": 1500,
  "embed_dim": 128,
  "num_layers": 6,
  "batch_size": 16,
  "mask_ratio": 0.75,
  "lr": 0.0001,
  "weight_decay": 1e-05,
  "patience": 25,
  "memory_efficient": true,
  "accumulation_steps": 2,
  "timestamp": "2025-11-03T00:08:57.765937Z",
  "training_losses": [
    0.8749022723412981,
    0.5948282575490427,
    0.5558839069569812,
    0.47414960168740344,
    0.4341283326055489,
    0.42249829221297724,
    0.40425110919510626,
    0.39178209987779467,
    0.37873395006446275,
    0.3548249267260819,
    0.3264466412730661,
    0.3028394104072861,
    0.2769144083062808,
    0.2604880544630921,
    0.2341184026324281,
    0.21399534889953387,
    0.19350485251303395,
    0.17697591948523828,
    0.16467519345528936,
    0.1606540642130901,
    0.15411468718712237,
    0.14579167763392126,
    0.14154619445622552,
    0.13784783935430006,
    0.1322962562681413,
    0.12929654482240768,
    0.12479726262025395,
    0.12060147713614154,
    0.11579813622120844,
    0.11338314710404065,
    0.10921971599443578,
    0.1031834623137233,
    0.10170687469927703,
    0.09893308696976186,
    0.09735873853605163,
    0.0938368022058378,
    0.09051164090816005,
    0.08612607413829836,
    0.08559671564246799,
    0.08122766915270511,
    0.07923243507998537,
    0.07805259890087385,
    0.07539732288477906,
    0.07417967292461906,
    0.072086451157891,
    0.07025072955088141,
    0.06861853460580401,
    0.06650853271541353,
    0.06601948729058836,
    0.06447638952556779,
    0.06230865804588092,
    0.06082368444870502,
    0.060366601867637794,
    0.059780265955144865,
    0.05676516186829437,
    0.05760509574457126,
    0.056580706462081444,
    0.055695998133616705,
    0.05441599968985161,
    0.054016347473268125,
    0.054283802199414845,
    0.05261725047329333,
    0.05170273273799789,
    0.05106690259120773,
    0.05092344682334976,
    0.04953796884099788,
    0.04960456725629959,
    0.048829493482651955,
    0.048865442202590835,
    0.048870332340034205,
    0.047805878747364174,
    0.04609394902911255,
    0.04722968748788915,
    0.04488880783502085,
    0.044750012438196464,
    0.04455869796631091,
    0.044012689167706696,
    0.04383198520278231,
    0.04470097104306608,
    0.04305182569660248,
    0.04180460179535052,
    0.040678579745102014,
    0.04238512998346385,
    0.04155816246125409,
    0.040770773678178,
    0.04082352097977099,
    0.04033919791325782,
    0.03992331231597299,
    0.03983602782154419,
    0.04037300557053337,
    0.03857540595390852,
    0.038555641971784176,
    0.03785613784566521,
    0.03809206243741381,
    0.0379137348397361,
    0.0385568877773396,
    0.03762901386099995,
    0.03669731608436753,
    0.03670130983524609,
    0.036048937375273774,
    0.03558659093481872,
    0.0369436280158184,
    0.03470387776181394,
    0.035708344538750894,
    0.03584101265113728,
    0.03525611248378659,
    0.03510357049823392,
    0.035287314643352934,
    0.03408635183438366,
    0.03330227962612888,
    0.03325190145166262,
    0.03289352154596617,
    0.032753023480101694,
    0.03358133081757628,
    0.03251505283428831,
    0.03286544354449885,
    0.0322122550989483,
    0.03260423689578459,
    0.03174893182985411,
    0.0319612587309059,
    0.03245039580563339,
    0.03203294906655654,
    0.03129281326580574,
    0.03166042265947908,
    0.031594134384638387,
    0.031645707126852926,
    0.029979399190393885,
    0.030104133524639795,
    0.029676571000805677,
    0.027809273368934642,
    0.027845808692897368,
    0.027190699788522624,
    0.027679309870262497,
    0.027747733034558724,
    0.027018963973786603,
    0.02733312734019231,
    0.027338531366366832,
    0.02764888181688957,
    0.02693631378705522,
    0.026742689212437203,
    0.026914953848566205,
    0.02721008623119297,
    0.02643750585369108,
    0.026496940701469494,
    0.026518680718179574,
    0.02649951249077991,
    0.026523257983738877,
    0.026371578707852786,
    0.02627615173411209,
    0.026356260894395994,
    0.02687463906922323,
    0.025526583811505608,
    0.025760722375821835,
    0.026318813644933926,
    0.025920224872728194,
    0.025912104206908426,
    0.02582124863459053,
    0.026034485417710362,
    0.025174958587112824,
    0.025290558798530812,
    0.025153081837639805,
    0.025291346697885464,
    0.025466404763945176,
    0.024336605155657897,
    0.023634376752592036,
    0.02414138701552634,
    0.023775399616216393,
    0.023318176580063413,
    0.023816175788969676,
    0.0238954390102413,
    0.02385965964172547,
    0.02385181043178354,
    0.023638315143419766,
    0.023953866132754176,
    0.02327503197570788,
    0.023368051233381842,
    0.023392727777051432,
    0.023633741429440826,
    0.023157492101959446,
    0.023278278650661156,
    0.023958139637868633,
    0.023302786445756462,
    0.02347498024567304,
    0.022712121815785906,
    0.02299090451560915,
    0.02283257700037211,
    0.02216558138492938,
    0.022648075248534766,
    0.022914641209896294,
    0.02236726048639884,
    0.022358092649693725,
    0.02222933553081626,
    0.022104662578717318,
    0.02252726813860457,
    0.022688665448952764,
    0.022318395679843995,
    0.02242364878948852,
    0.022284581190130368,
    0.022185940333806418,
    0.021991513209764432,
    0.022207018292015962,
    0.02190146369485221,
    0.022722258655053076,
    0.02192299821477967,
    0.022005441821152896,
    0.02164583555080325,
    0.02206665481276372,
    0.021972249332568878,
    0.02229908549035078,
    0.021735868360573316,
    0.02212724127331931,
    0.021978731200957266,
    0.021661033926933415,
    0.0215257070269253,
    0.021768932716747486,
    0.021434090186513086,
    0.021623609913969596
  ],