{
  "seed": 42,
  "num_views": 10,
  "token_dim": 5,
  "num_buses": 30,
  "device": "cuda",
  "epochs": 1500,
  "embed_dim": 128,
  "num_layers": 6,
  "batch_size": 64,
  "mask_ratio": 0.75,
  "lr": 0.0001,
  "weight_decay": 1e-05,
  "patience": 25,
  "memory_efficient": true,
  "accumulation_steps": 2,
  "timestamp": "2025-11-02T21:13:34.891590Z",
  "training_losses": [
    1.7211730701582775,
    0.8361031344958713,
    0.7288892941815511,
    0.7279959210327692,
    0.6934341200760432,
    0.6697454699448178,
    0.6744364627770015,
    0.6200480077947889,
    0.5792849779129029,
    0.5799388016973223,
    0.5529855153390338,
    0.5611109222684588,
    0.554312311751502,
    0.5334679339613233,
    0.5293071035827911,
    0.52886321076325,
    0.515812914286341,
    0.5147679835557938,
    0.5062500753573008,
    0.48812094458511895,
    0.47839033688817706,
    0.4618473593677793,
    0.4500169562441962,
    0.44654561706951684,
    0.4473274571555002,
    0.44667990122522633,
    0.43425601933683666,
    0.42925613054207395,
    0.42297948045389994,
    0.41507971712521136,
    0.4499705544539861,
    0.4371275595256261,
    0.4262238736663546,
    0.4187797388860158,
    0.4106557501213891,
    0.4020408809185028,
    0.4013049955878939,
    0.41166590494768956,
    0.4018164289849145,
    0.3995419370276587,
    0.39572359280926833,
    0.38984528652259287,
    0.38212666128362927,
    0.38313430419989997,
    0.37984737455844886,
    0.3810622517551695,
    0.37510588722569604,
    0.3710613361426763,
    0.36729123422077725,
    0.35898452145712717,
    0.35617562532424935,
    0.34984084112303604,
    0.3594550328595298,
    0.3466613654579435,
    0.3391220067228589,
    0.33366060256958013,
    0.3245727994612285,
    0.32266006682600296,
    0.3265235900878906,
    0.32086057662963874,
    0.3142085177557809,
    0.30754574537277224,
    0.31192665951592585,
    0.3033634932977813,
    0.29844133981636595,
    0.289562370308808,
    0.29257879001753667,
    0.2841046580246517,
    0.28362038859299255,
    0.2815715568406241,
    0.2791394086820739,
    0.27500580229929517,
    0.27333729118108746,
    0.2701014229229518,
    0.2625306071979659,
    0.25727174026625493,
    0.25811429960387094,
    0.25432866236993246,
    0.2500989705324173,
    0.2478573975818498,
    0.2505964051399912,
    0.24352004783494133,
    0.24085678862673895,
    0.24068506423916133,
    0.228339780654226,
    0.2296711159603936,
    0.23129982501268387,
    0.22459008055073873,
    0.23083919669900624,
    0.22430743936981476,
    0.22088609763554165,
    0.21020076189722334,
    0.21305809872491022,
    0.20847591842923846,
    0.21074118529047284,
    0.21072306760719847,
    0.2007294916680881,
    0.20028138075556073,
    0.1952515035867691,
    0.1949720806309155,
    0.18861061185598374,
    0.18904812144381658,
    0.18415906918900352,
    0.17937770187854765,
    0.1811428700174604,
    0.1757703994001661,
    0.1730195115719523,
    0.17455724775791168,
    0.16605999618768694,
    0.16478069680077692,
    0.16354270832879206,
    0.1583432888346059,
    0.15928074568510056,
    0.1521700413099357,
    0.15785408296755385,
    0.1611360530768122,
    0.15778341176254407,
    0.15636089582528387,
    0.15448487709675515,
    0.14961937346628734,
    0.143453734261649,
    0.14964225866964886,
    0.14973162252988134,
    0.1422816890691008,
    0.14156788257615907,
    0.14272346336926736,
    0.14053360287632263,
    0.14254629814199038,
    0.13897484849606243,
    0.14305419251322746,
    0.13642462406839642,
    0.13788553455046246,
    0.13588193325059753,
    0.1342497169971466,
    0.13420063416872705,
    0.13491280132106373,
    0.13131844986762317,
    0.12879476877195495,
    0.1287139530692782,
    0.13029995464852878,
    0.12936848806483406,
    0.12708306301917346,
    0.12303823807409832,
    0.12293507744159017,
    0.12519260080797331,
    0.12486595447574345,
    0.12290538283331054,
    0.12003568197999682,
    0.11859967293483871,
    0.11838889494538307,
    0.12161785683461598,
    0.12363940786038126,
    0.12315758615732195,
    0.11920202001929284,
    0.11878657319716046,
    0.11604928150773049,
    0.11761211869972091,
    0.11580057495406697,
    0.1146594307252339,
    0.11192320617181914,
    0.1077752054802009,
    0.10692114106246405,
    0.10750559855784689,
    0.10678190280284199,
    0.10712072274514606,
    0.10231901167758874,
    0.10477674975991248,
    0.10513968010033882,
    0.1063211444233145,
    0.10330354858722005,
    0.10670922451785633,
    0.10816482922860556,
    0.10385311469435692,
    0.10860756976263863,
    0.10666971717561993,
    0.10037551330668588,
    0.10243910987462315,
    0.10176299852984293,
    0.09888666974646705,
    0.099714381141322,
    0.1008969615612711,
    0.0999651777957167,
    0.10208261300410544,
    0.10484325098139899,
    0.09723112668309893,
    0.10024030740771975,
    0.10298148744872639,
    0.09895999378391675,
    0.10018415759716714,
    0.09823805881398065,
    0.09903870150446892,
    0.10396507446255002,
    0.09663219398685864,
    0.09745239636727741,
    0.09706708549388816,
    0.10018362317766462,
    0.09862751332776887,
    0.09651465054069246,
    0.09617861376277038,
    0.09979318061045238,
    0.09730801922934397,
    0.09665074305874961,
    0.09713107634867942,
    0.09646088661892073,
    0.09672582367701191,
    0.09662681722215243,
    0.09853943096739905,
    0.09676821870463236,
    0.09449235530836242,
    0.09695509746670723,
    0.09750651940703392,
    0.09654485790857248,
    0.09766171159488812,
    0.0951992901308196,
    0.09645654058882168,
    0.09457509613462857,
    0.09397074058651923,
    0.0950324147939682,
    0.09458106702991893,
    0.09282067801271167,
    0.09549763426184656,
    0.09344814121723176,
    0.0967898117112262,
    0.09194716859076706,
    0.09568028162632669,
    0.09609052145055363,
    0.09314419552683831,
    0.09034477408443178,
    0.09444203568356378,
    0.0947372484420027,
    0.09104370384344032,
    0.09478352931993349,
    0.09146467085395542,
    0.09119174044047083,
    0.09090722240507602
  ],