{
  "seed": 42,
  "num_views": 1,
  "token_dim": 5,
  "num_buses": 30,
  "device": "cuda",
  "epochs": 1500,
  "embed_dim": 128,
  "num_layers": 6,
  "batch_size": 256,
  "mask_ratio": 0.75,
  "lr": 0.0001,
  "weight_decay": 1e-05,
  "patience": 25,
  "memory_efficient": false,
  "accumulation_steps": 2,
  "timestamp": "2025-11-02T20:11:44.979374Z",
  "training_losses": [
    1.5990480099405562,
    1.026476502418518,
    0.9589525886944362,
    0.7505274840763637,
    0.7412478753498623,
    0.6733481884002686,
    0.6206949353218079,
    0.6039372852870396,
    0.5909748843738011,
    0.5834533657346453,
    0.559022741658347,
    0.5725798692022052,
    0.5542312349591937,
    0.5400988587311336,
    0.5400576676641192,
    0.5259936068739209,
    0.5250964164733887,
    0.5221917842115674,
    0.5117929407528469,
    0.4942637469087328,
    0.4812312551907131,
    0.4678507660116468,
    0.46435425536973135,
    0.4859485924243927,
    0.45145887987954275,
    0.44032921535628183,
    0.4365114058767046,
    0.42834941829953876,
    0.42987726841654095,
    0.42727493388312204,
    0.4245855041912624,
    0.4347229983125414,
    0.42273504393441336,
    0.41150619302477154,
    0.41018596291542053,
    0.408957839012146,
    0.4015798441001347,
    0.3980984943253653,
    0.38991021258490427,
    0.39595845341682434,
    0.3908226660319737,
    0.3838554918766022,
    0.37866680536951336,
    0.3722108474799565,
    0.3774371998650687,
    0.36890073333467754,
    0.36944531968661715,
    0.36456555128097534,
    0.35679722258022856,
    0.35239313329969135,
    0.3510930963924953,
    0.3509396272046225,
    0.34914569343839374,
    0.3353601949555533,
    0.3287504187652043,
    0.32386724437986103,
    0.3242806238787515,
    0.3219559277806963,
    0.3171051698071616,
    0.3126589485577175,
    0.3040465159075601,
    0.29747351578303743,
    0.29946949226515635,
    0.290326007774898,
    0.2873465418815613,
    0.2895755299500057,
    0.28389214617865427,
    0.2793090556349073,
    0.26716922010694233,
    0.2760713015283857,
    0.2670240444796426,
    0.27071890234947205,
    0.27368704761777607,
    0.27177954997335163,
    0.27378393496785847,
    0.25670142471790314,
    0.2631676750523703,
    0.25872917260442463,
    0.2576969393662044,
    0.25160190037318636,
    0.24952158331871033,
    0.25431203842163086,
    0.23976750884737288,
    0.2359706929751805,
    0.2424225424017225,
    0.23458817175456456,
    0.23069095185824803,
    0.23042089172771998,
    0.2307768017053604,
    0.22113199744905745,
    0.22029279811041697,
    0.2157614678144455,
    0.212394403559821,
    0.21014384925365448,
    0.2068044947726386,
    0.19863605286393846,
    0.19905486490045274,
    0.19922296489988053,
    0.19618400079863413,
    0.19091148674488068,
    0.19398859569004603,
    0.18028474492686136,
    0.18081886853490556,
    0.1785468182393483,
    0.17539937155587332,
    0.17682164694581712,
    0.16809597611427307,
    0.16996759176254272,
    0.16684461491448538,
    0.1678809097834996,
    0.16030183647360122,
    0.16592387855052948,
    0.15732974346194947,
    0.16428854210036142,
    0.15833053418568202,
    0.15878091752529144,
    0.15899303129741124,
    0.15543884890420095,
    0.14807989767619542,
    0.15292370106492723,
    0.15118661948612758,
    0.14884226662772043,
    0.14675582093851908,
    0.15491449407168797,
    0.14458455358232772,
    0.14447962599141256,
    0.14026005140372685,
    0.1401619485446385,
    0.14485510332243784,
    0.1457094805581229,
    0.14311150993619645,
    0.1357928684779576,
    0.13068391169820512,
    0.13465594393866404,
    0.14533049293926784,
    0.13255520590714046,
    0.13611038774251938,
    0.1319650603192193,
    0.13151388189622334,
    0.13092579586165293,
    0.12239763885736465,
    0.12848951348236629,
    0.13259306337152207,
    0.1270635010940688,
    0.1276829359786851,
    0.12859142571687698,
    0.12691005638667516,
    0.12539205700159073,
    0.12384473213127681,
    0.12817638899598802,
    0.12248658601726804,
    0.1289366132446698,
    0.12986806886536734,
    0.12218473106622696,
    0.117622224347932,
    0.11818463248865944,
    0.12046732434204646,
    0.11807162314653397,
    0.12308212369680405,
    0.12189080672604698,
    0.11189583263226918,
    0.11459260008164815,
    0.11328666976519994,
    0.11045498826674052,
    0.11286401748657227,
    0.10787699371576309,
    0.10943311878613063,
    0.10860103794506618,
    0.11084320609058652,
    0.11445397245032447,
    0.10331914999655314,
    0.10539507759468895,
    0.11157584828989846,
    0.10626544590507235,
    0.10831539332866669,
    0.10364188786063876,
    0.1060832536646298,
    0.10170752768005643,
    0.10745430418423244,
    0.10418105551174708,
    0.10171981368746076,
    0.10328645684889384,
    0.10345487403018135,
    0.10369617598397392,
    0.10063564990247999,
    0.10357569690261569,
    0.10169868064778191,
    0.10188708986554827,
    0.1026631167956761,
    0.09884836737598691,
    0.09969818272760936,
    0.09937134278672081,
    0.10109820855515343,
    0.10076596162148885,
    0.10528461741549629,
    0.10044775796788079,
    0.10322029675756182,
    0.10093356136764799,
    0.10231259997401919,
    0.0967179366520473,
    0.09673833847045898,
    0.0924679275069918,
    0.09985050239733287,
    0.09738443685429436,
    0.09852985186236245,
    0.10261040287358421,
    0.10002517061574119,
    0.09697776819978442,
    0.09555158125502723,
    0.09628989228180476,
    0.0975075683423451,
    0.09942710080317088,
    0.0931376229439463,
    0.09602114026035581,
    0.09196517829384122,
    0.09590303152799606,
    0.09310342052153178,
    0.09876768503870283,
    0.0931754122887339,
    0.09853994207722801,
    0.09220029094389506,
    0.08682352943079812,
    0.0986299238034657,
    0.09558493537562233,
    0.09491064080170222,
    0.09846231234925133,
    0.09508484176227025
  ],