{
  "seed": 42,
  "num_views": 10,
  "token_dim": 5,
  "num_buses": 30,
  "device": "cuda",
  "epochs": 1500,
  "embed_dim": 128,
  "num_layers": 6,
  "batch_size": 64,
  "mask_ratio": 0.75,
  "lr": 0.0001,
  "weight_decay": 1e-05,
  "patience": 25,
  "memory_efficient": true,
  "accumulation_steps": 2,
  "timestamp": "2025-11-03T22:37:01.438545Z",
  "training_losses": [
    0.6118716958165168,
    0.37867716255940903,
    0.2755401532273543,
    0.18228938153307683,
    0.14274352892449022,
    0.12105311572551736,
    0.10379553818388998,
    0.09112285083061769,
    0.08110795415937905,
    0.07297932719321629,
    0.06667034833054797,
    0.06144665931792637,
    0.0571756778137856,
    0.053560524097594785,
    0.05059463979088156,
    0.04779814178712277,
    0.0457556324775674,
    0.04430352281582983,
    0.04212801611148999,
    0.04088544864109472,
    0.03931384780003053,
    0.038275906454379616,
    0.03736721175771797,
    0.03660433245332619,
    0.03543245754351742,
    0.0347034753986487,
    0.03359633918557512,
    0.03292746972978901,
    0.03208490418172197,
    0.031341756028368285,
    0.030822622330467193,
    0.030050270295652902,
    0.029486400580131675,
    0.02878415514616981,
    0.028018458590989826,
    0.02814808809786645,
    0.027266421769500573,
    0.027187556289136394,
    0.02669774830978561,
    0.02615739536177564,
    0.02616302964767735,
    0.025200170289332923,
    0.025018615864805485,
    0.024681506640228775,
    0.024228620305657384,
    0.024299083092789112,
    0.023866676579866766,
    0.0235767023534955,
    0.02350054109959225,
    0.023076293900805084,
    0.022790638695618017,
    0.022309372548111966,
    0.021592608464783742,
    0.021730558591845785,
    0.02200859278489493,
    0.02150083348890277,
    0.021469421205846093,
    0.021027638737700485,
    0.020589308117173223,
    0.020178547819194044,
    0.020469562467187643,
    0.020273580796722514,
    0.01992276399102258,
    0.02001527159621841,
    0.01955298715957294,
    0.019463223321853504,
    0.019204722295368196,
    0.01909604885664425,
    0.019197705164061572,
    0.018980492264228436,
    0.018704406965622006,
    0.01853461888667784,
    0.018264109842283167,
    0.01853235861335538,
    0.018241689767884584,
    0.017946459827944638,
    0.017810260278515906,
    0.017756626203067994,
    0.017755304430856513,
    0.017519504343110476,
    0.017431307154658595,
    0.01727083608410077,
    0.017078999386316063,
    0.017086415506017052,
    0.01692156597824866,
    0.016773821751734145,
    0.017099908847165734,
    0.016729919760929125,
    0.016455487816496507,
    0.016419215064348753,
    0.01615225990131302,
    0.016511483396354488,
    0.016318783991921104,
    0.01571656333919811,
    0.016110413280854878,
    0.01461613894170641,
    0.014262652404263224,
    0.014383002490197349,
    0.014017615256291869,
    0.01423502457475191,
    0.013909795028402628,
    0.014043011531772974,
    0.013876458857159478,
    0.013763993648125934,
    0.013728008478340745,
    0.013760812041643812,
    0.013489778774398326,
    0.013956881558865703,
    0.013830490330920405,
    0.013397611678626985,
    0.013794069377656443,
    0.013507435315435655,
    0.013242659556532376,
    0.013404007460186754,
    0.013503399844232359,
    0.013328833581242509,
    0.01264715617571614,
    0.012546602709610995,
    0.012575784649111722,
    0.012450718262821051,
    0.012336970583143592,
    0.012183225740629596,
    0.012369593689953422,
    0.012277329201123822,
    0.012347245696981096,
    0.012288159665798671,
    0.012320355162220568,
    0.012220398073182677,
    0.012120084507684965,
    0.01202663120764651,
    0.011857124621440698,
    0.01180273779986524,
    0.011452042512399578,
    0.011668907300765191,
    0.01166152180025452,
    0.011715841939868896,
    0.01164159890509357,
    0.011663633156322729,
    0.011562311754709014,
    0.011582457839609369,
    0.01158407221989412,
    0.01139597219954196,
    0.01154288209116969,
    0.011566260124458685,
    0.011458990115329226,
    0.011400615154569475,
    0.011343878845586188,
    0.011212356426066876,
    0.011256296881474556,
    0.011232328322274901,
    0.0111594625260975,
    0.011363928722658831,
    0.011323298392817378,
    0.011180617905614016,
    0.011114345366674432,
    0.011180036724545058,
    0.0112988778946333,
    0.011128247062871728,
    0.011104768916327312,
    0.011081338627508989,
    0.01115498619472706,
    0.011082502045962759,
    0.011112993922280639,
    0.010982767220733596,
    0.011131429950657645,
    0.01106485609945498,
    0.011065812052570682,
    0.010981810481875744,
    0.010949708164032353,
    0.011018774359683067,
    0.01091355914446085,
    0.011027753049213636,
    0.010980789467055161,
    0.011006103654539115,
    0.01090278985591507,
    0.010943154893864536,
    0.010954935516377814,
    0.010994011962198114,
    0.010774107606052172,
    0.010907599702232363,
    0.010898008425965118,
    0.011058199627962157,
    0.010982723427005115,
    0.011014249500769527,
    0.010963586436731636,
    0.010949950464756086,
    0.01097447363145061,
    0.01083030930916337,
    0.01091600229007829,
    0.010778908239138366,
    0.01093299809500183,
    0.010978203727128474,
    0.010846545119818892,
    0.010944470048293862,
    0.010884142671466663,
    0.010952753893001687,
    0.01097397244461861,
    0.010943814346958937,
    0.010963912124647512,
    0.010831124416160347,
    0.010875217363630472,
    0.010937439497364188,
    0.010905939270497149,
    0.010923142816479266,
    0.010880882460623983,
    0.010878852520039988,
    0.010940422988986896,
    0.010796803217381239,
    0.010797407847927192,
    0.010852211543947068,
    0.010915806050853507,
    0.010765492810230502,
    0.01090501404563455,
    0.01087310627176377,
    0.010901556046385524,
    0.010778018988570877,
    0.010822463568152951,
    0.010756832058296391,
    0.010722402978786513,
    0.01091246794615137,
    0.01059196598288652,
    0.010830823206832934,
    0.010889173364756923,
    0.01091814530082047,
    0.010940700599090442
  ],