{
  "seed": 42,
  "num_views": 20,
  "token_dim": 5,
  "num_buses": 30,
  "device": "cuda",
  "epochs": 1500,
  "embed_dim": 128,
  "num_layers": 6,
  "batch_size": 32,
  "mask_ratio": 0.75,
  "lr": 0.0001,
  "weight_decay": 1e-05,
  "patience": 25,
  "memory_efficient": true,
  "accumulation_steps": 2,
  "timestamp": "2025-11-02T21:55:19.125244Z",
  "training_losses": [
    2.3875891089439394,
    1.2122386892636616,
    1.082849023739497,
    1.0618482182423274,
    0.7663156628608704,
    0.8161750227212906,
    0.777451291680336,
    0.6638272245724997,
    0.6959527899821598,
    0.6090940872828166,
    0.604459273815155,
    0.6064589252074559,
    0.5975167751312256,
    0.5880337138970693,
    0.5841868927081425,
    0.6261499007542928,
    0.5861573725938797,
    0.5696893438696861,
    0.5665070717533429,
    0.6217709352572759,
    0.5640480970342954,
    0.5541994879643123,
    0.5963711977005005,
    0.5317277908325195,
    0.5365043764313062,
    0.5215639531612396,
    0.5412137215336164,
    0.5342613319555919,
    0.5160039698084194,
    0.498606362938881,
    0.5030507524808248,
    0.5198886613051097,
    0.5412422398726146,
    0.523042826851209,
    0.5044852222005526,
    0.49848448137442275,
    0.5090334897240003,
    0.5103387127319972,
    0.5208610991636912,
    0.5381259813904763,
    0.47540163646141687,
    0.48014543255170183,
    0.48583589990933734,
    0.4976019461949666,
    0.513401049375534,
    0.5586576243241628,
    0.5097296019395192,
    0.475383701423804,
    0.4467482894659042,
    0.46155691593885423,
    0.44911962946256007,
    0.44160301884015407,
    0.4380405272046725,
    0.43037362148364383,
    0.4237952440977097,
    0.440698371330897,
    0.42164361327886585,
    0.4114939749240875,
    0.4027187307675679,
    0.40123011221488314,
    0.39702545801798506,
    0.3948272769649823,
    0.39019027252991995,
    0.376806769768397,
    0.38142610142628347,
    0.3871563012401263,
    0.38853164066871004,
    0.38147676636775335,
    0.366031739115715,
    0.3740547637144725,
    0.37670590728521347,
    0.3612905964255333,
    0.37163971265157064,
    0.36990820368131,
    0.35329250742991763,
    0.3624160130818685,
    0.36123587389787043,
    0.3538078154126803,
    0.3457083518306414,
    0.3474061628182729,
    0.3402506813406944,
    0.345501113931338,
    0.3427178134520849,
    0.3341490611433982,
    0.3355202411611875,
    0.3467960303028425,
    0.335061847170194,
    0.33709734131892516,
    0.33186582873264947,
    0.33557185232639314,
    0.33768543452024463,
    0.3328278407454491,
    0.32440697401762014,
    0.33806266635656357,
    0.32461964488029477,
    0.3272247686982155,
    0.3284564380844434,
    0.3354628145694732,
    0.3195337211092313,
    0.3189986377954483,
    0.3244100794196129,
    0.31400321424007416,
    0.3176710988084475,
    0.3139573156833649,
    0.31688618908325833,
    0.3095167423288027,
    0.3200780982772509,
    0.30925348599751795,
    0.3082291429241499,
    0.3023438741763433,
    0.30102984259525933,
    0.30462793360153834,
    0.31145271559556326,
    0.3101094623406728,
    0.30520006120204923,
    0.2966271981596947,
    0.30125932494799296,
    0.2976837369302909,
    0.3022572487592697,
    0.2941053772966067,
    0.30056111415227255,
    0.30960574448108674,
    0.2889229692518711,
    0.2986645018061002,
    0.2877636400361856,
    0.2983991297582785,
    0.2980468307932218,
    0.28810237099726993,
    0.2961913501222928,
    0.30019345035155615,
    0.2905289247632027,
    0.28277660086750983,
    0.28579846272865933,
    0.2811592256029447,
    0.2916572277744611,
    0.28701588064432143,
    0.2830805877844493,
    0.2894589997828007,
    0.28662506639957425,
    0.2888786271214485,
    0.2902645816405614,
    0.28665650337934495,
    0.2857760712504387,
    0.29127325614293414,
    0.2809297690788905,
    0.2877886340022087,
    0.27171122257908187,
    0.28388522913058595,
    0.2744496936599414,
    0.2838669011990229,
    0.2738965195914109,
    0.2767747489114602,
    0.28291176805893575,
    0.2698323165376981,
    0.2798217063148817,
    0.264412426451842,
    0.2749396815896034,
    0.26483096902569137,
    0.2682938665151596,
    0.27151044458150864,
    0.2759217627346516,
    0.2770398765802384,
    0.2679763632516066,
    0.2680505022406578,
    0.26572615404923755,
    0.27368530308206873,
    0.2707398203512033,
    0.2676198951900005,
    0.2655526600778103,
    0.2727257311344147,
    0.26377177039782207,
    0.260636309782664,
    0.26421758607029916,
    0.2588661919037501,
    0.26490340804060303,
    0.2742013523976008,
    0.2637984650830428,
    0.25982780233025554,
    0.26688840662439667,
    0.2669499906400839,
    0.2652676361302535,
    0.2662288270890713,
    0.26416386291384697,
    0.26376472289363545,
    0.2585398326317469,
    0.2599213274816672,
    0.2581944274405638,
    0.26453079655766487,
    0.25622643902897835,
    0.2671263354520003,
    0.26643011396129923,
    0.2621890775859356,
    0.26263338327407837,
    0.26552454779545465,
    0.25998242249091463
  ],