{
  "seed": 42,
  "num_views": 40,
  "token_dim": 5,
  "num_buses": 30,
  "device": "cuda",
  "epochs": 1500,
  "embed_dim": 128,
  "num_layers": 6,
  "batch_size": 16,
  "mask_ratio": 0.75,
  "lr": 0.0001,
  "weight_decay": 1e-05,
  "patience": 25,
  "memory_efficient": true,
  "accumulation_steps": 2,
  "timestamp": "2025-11-03T01:30:18.116991Z",
  "training_losses": [
    0.7309486781046087,
    0.5034843517284768,
    0.4347913344116771,
    0.4063204514556656,
    0.3788807505157356,
    0.3385082612581111,
    0.2931854354728964,
    0.251237366943821,
    0.2147301216445425,
    0.1797519934454968,
    0.15952105954033777,
    0.14788768557722076,
    0.13819951779190814,
    0.13052688058940512,
    0.12232940625490653,
    0.11305552522250102,
    0.10593579736510832,
    0.09832509819272102,
    0.09205475392495736,
    0.08603799336352479,
    0.08367071540697535,
    0.0786458008274363,
    0.07576292434059012,
    0.07109535771065993,
    0.06792611014326193,
    0.06551586427570634,
    0.06334248608224753,
    0.06170879386995426,
    0.0590976693845518,
    0.05734131936093463,
    0.05584831898849382,
    0.055289573631906744,
    0.053010260947870404,
    0.05132323486191752,
    0.050649844738654824,
    0.04915170785742722,
    0.048184921025006364,
    0.04672815039726521,
    0.04613927593979731,
    0.04582033102085599,
    0.04370720728149855,
    0.04359811451559998,
    0.04281012112498466,
    0.04166470275251378,
    0.041730063166423685,
    0.04010951337450202,
    0.04074385505553115,
    0.038789215363452555,
    0.0387631881877086,
    0.03843101348166409,
    0.0379234324974081,
    0.037686304149090084,
    0.03726498214482312,
    0.03626915415287859,
    0.03608355331074848,
    0.03548489829694269,
    0.03541076552949153,
    0.03477743841712272,
    0.03417359229620071,
    0.033322310485584934,
    0.03323589631301515,
    0.03281481658843547,
    0.03269550294921203,
    0.0323751779289131,
    0.031242517790044923,
    0.030855218896313628,
    0.03110014079161465,
    0.03127189951095109,
    0.031840700181155444,
    0.030723854649455883,
    0.030500847518708844,
    0.02928889029883032,
    0.029670477159522174,
    0.028545557515120456,
    0.028593846503074526,
    0.028242558077794917,
    0.02827944550891499,
    0.02799772488743104,
    0.02772335411556176,
    0.02823650419926635,
    0.028036131980879165,
    0.02716445596477783,
    0.027016385175589026,
    0.02649163104691907,
    0.026862245206104814,
    0.025829989061458038,
    0.026234196863073284,
    0.02630610125328816,
    0.025798981726128493,
    0.026040223896430396,
    0.026052484287213837,
    0.02511343344630602,
    0.024696427499350415,
    0.02528670155351944,
    0.024678179121110585,
    0.02389486267861415,
    0.02453760534431329,
    0.023831893391701768,
    0.02371381844813917,
    0.024126165837857542,
    0.023992455925326794,
    0.023591956958476025,
    0.023794904667381923,
    0.02314802637784833,
    0.023208509626063325,
    0.02337097009579997,
    0.022913901779832612,
    0.022978657673286527,
    0.02249434939129096,
    0.022088584766549745,
    0.021814921021338234,
    0.02212349201504634,
    0.02242607193115606,
    0.02207158830703931,
    0.021493012421107027,
    0.02006672299558333,
    0.019490503094058628,
    0.019507962308125574,
    0.019339220147287735,
    0.019219744767920644,
    0.01911107590867151,
    0.019625703527309083,
    0.01954561482621905,
    0.019463585208138158,
    0.01926245853046923,
    0.018872441412246442,
    0.01894997761027851,
    0.01882602150732304,
    0.01851114418994471,
    0.019061061722915804,
    0.018812054014700808,
    0.018629875305957864,
    0.01886839558913683,
    0.01812915621512551,
    0.01781506595206355,
    0.017790238069160382,
    0.017469919695263257,
    0.017662256930078214,
    0.017377094163527413,
    0.017601162033593833,
    0.01718210821934775,
    0.017239242165198773,
    0.01730398782608829,
    0.017363361018942668,
    0.017258077833399763,
    0.017284133859028966,
    0.017150903073500152,
    0.017146805588922957,
    0.017032856106822033,
    0.016696897257968555,
    0.01697724908304985,
    0.01688146614013057,
    0.016504663279549414,
    0.016378559509757907,
    0.016309778033938332,
    0.01651657398529899,
    0.01628928584281775,
    0.01636486019278356,
    0.01609961259619369,
    0.016377108728549646,
    0.016088507812716726,
    0.016060676287366623,
    0.016409219998304785,
    0.016131210061105187,
    0.016252277178151135,
    0.01629060181907798,
    0.016194460392523303,
    0.016111999462523,
    0.016252937572939764,
    0.015907991776133286,
    0.01613856003455379,
    0.015926776522560516,
    0.015984064091782216,
    0.016229250882615277,
    0.015930130417394786,
    0.01598391893465876,
    0.016069158460196176,
    0.015879154163777973,
    0.016116572184574917,
    0.015948505341714502,
    0.015926534755671323,
    0.01584364569828133,
    0.01603294861350008,
    0.015850495370492962,
    0.015921393775965516,
    0.015724294751485374,
    0.015540274637739866,
    0.015735686871487943,
    0.01568018802836555,
    0.015667416594292525,
    0.015508353965146939,
    0.015612999932936335,
    0.015478629734841926,
    0.015506572258891531,
    0.015347561405003794,
    0.015535307537157126,
    0.01519078719235647,
    0.015235364966222322,
    0.015404592170014832,
    0.01543109682616869,
    0.01538994868112472,
    0.015265331311178775,
    0.015428590234060882,
    0.015519528410411172,
    0.015598957443680594,
    0.015129202984698012,
    0.015395054070726404,
    0.015439786453498534,
    0.01553532434376322,
    0.015375609119027835,
    0.015134057792259702,
    0.015387861215390774,
    0.015155530345110297,
    0.015172722974367552,
    0.015308244161561188,
    0.01519482764198591,
    0.015207610936611706,
    0.015096476968313914,
    0.015167284349216987,
    0.015127419429607509,
    0.015187621691067908,
    0.015222391319534215,
    0.015038982835625686,
    0.015177806767100907,
    0.015235077855337007,
    0.015081067030733517,
    0.015311268399989999,
    0.015134108032204907,
    0.015034787953995604,
    0.01505921038196367,
    0.014852140958457454,
    0.01511344082365908,
    0.014884718639922195,
    0.014850189588569086,
    0.015171934123488842,
    0.0151432748364659,
    0.015142222224476785,
    0.015170766635998792,
    0.014891343070513693,
    0.014967257236518585,
    0.015089299483110614,
    0.014866388589714417,
    0.014843214137819777
  ],