{
  "seed": 42,
  "num_views": 15,
  "token_dim": 5,
  "num_buses": 30,
  "device": "cuda",
  "epochs": 1500,
  "embed_dim": 128,
  "num_layers": 6,
  "batch_size": 42,
  "mask_ratio": 0.75,
  "lr": 0.0001,
  "weight_decay": 1e-05,
  "patience": 25,
  "memory_efficient": true,
  "accumulation_steps": 2,
  "timestamp": "2025-11-04T02:29:45.328902Z",
  "training_losses": [
    0.6058412007099608,
    0.39881632807753037,
    0.3054778529572363,
    0.21446881680290938,
    0.1548964248548723,
    0.13467799947566525,
    0.11932616690640208,
    0.10449252350445652,
    0.09223039978423477,
    0.0831910924242877,
    0.07581288189673879,
    0.06870423810160838,
    0.06254675920943317,
    0.05788271373880962,
    0.05427506961739126,
    0.05111462652734728,
    0.04856180381255031,
    0.04649729528665439,
    0.04425825065127308,
    0.042781508763502486,
    0.04165778956239292,
    0.03992060417943155,
    0.038782006983415225,
    0.0381646756694004,
    0.03671525305455522,
    0.03576917133916537,
    0.03483405626460987,
    0.033655037847709464,
    0.03337965582260966,
    0.03249059613594631,
    0.032172448519096175,
    0.03055398094762176,
    0.030766296212035447,
    0.029789677835897952,
    0.029400858332906486,
    0.028507590971385235,
    0.028307176900895657,
    0.028126957935694488,
    0.027494891346247313,
    0.02719367950839443,
    0.026320850640689775,
    0.026087304192477734,
    0.025630459892651992,
    0.025349867882429017,
    0.024906952279927102,
    0.024428601285027718,
    0.024545815949600088,
    0.024090848247068634,
    0.023344592693774913,
    0.023570039592657577,
    0.02365489312172554,
    0.022792140827457945,
    0.02250261892514732,
    0.02239981389963205,
    0.022064532724004843,
    0.021854313733844347,
    0.021753767918029687,
    0.021569506842675203,
    0.02098736451208489,
    0.020726698245177616,
    0.020788282747919298,
    0.020642613690018335,
    0.0202006725304871,
    0.020119983252839202,
    0.019916284714531093,
    0.020367329549012204,
    0.019489464692655622,
    0.0192439610040417,
    0.01917530684241308,
    0.019478382594523145,
    0.019331479381081457,
    0.018871536498023943,
    0.019059158123334755,
    0.01850566892451985,
    0.018209967423642188,
    0.018377864339737954,
    0.018108382198753697,
    0.017991959816247013,
    0.01780009220301179,
    0.01719613577157182,
    0.01730950580530241,
    0.017507387747721096,
    0.01754590120481807,
    0.017205353113557236,
    0.017162659565318178,
    0.01713798021373302,
    0.01699617053454481,
    0.016340893129488394,
    0.01708802817669248,
    0.01683398690428552,
    0.01609685516518915,
    0.016526846456886728,
    0.016341947622610077,
    0.01612887964463295,
    0.016235329480825674,
    0.016042382584881547,
    0.015471207577452097,
    0.01562086449009536,
    0.014411577364246465,
    0.014206465577227361,
    0.014005423214331602,
    0.013739474901578841,
    0.01381938558502929,
    0.013990481199281672,
    0.01361356141280531,
    0.013816264012767341,
    0.013623605766985071,
    0.01397625251877442,
    0.013584187919264322,
    0.013722618857466179,
    0.013368997530326488,
    0.013550371074460329,
    0.01320391187045421,
    0.013258441178922711,
    0.013324204724706674,
    0.01338160414029948,
    0.013344636555465132,
    0.013134347717076644,
    0.013005515465767016,
    0.013062839052078532,
    0.01303916192631236,
    0.012788522976815759,
    0.013015945503626515,
    0.0129578894261586,
    0.013026118660844303,
    0.0123136251896221,
    0.012054095791398663,
    0.01210944210171107,
    0.01161893871154424,
    0.01184726422781282,
    0.011802926578837247,
    0.011809733216787504,
    0.011709058881192013,
    0.012108378359703721,
    0.012026498676478757,
    0.011823642118922421,
    0.011745451001485814,
    0.011722757719257692,
    0.011661211206434565,
    0.011567802074009842,
    0.011650740142930986,
    0.01173549623587306,
    0.01183011081931864,
    0.011583765086095418,
    0.011505157061545285,
    0.011667634837573887,
    0.011475428137188333,
    0.011469217987219598,
    0.011433255966167276,
    0.011546871173702221,
    0.011503380935298145,
    0.011546014088474615,
    0.011569078212414126,
    0.011483563779369129,
    0.011350840049279474,
    0.011008617668275905,
    0.01095438859858172,
    0.010887727156982779,
    0.010896777318523544,
    0.010894148759640404,
    0.011022772339360866,
    0.010943547240579067,
    0.010901769872156443,
    0.010855845256591138,
    0.010826906218918903,
    0.010824606695979675,
    0.01086360840577253,
    0.010696912722562367,
    0.010653972798324668,
    0.010675406797317752,
    0.010564425986723424,
    0.01056712357237266,
    0.010500893299990625,
    0.010555681305179863,
    0.010601960684113293,
    0.010481367994337909,
    0.010420556409068938,
    0.010643747611540738,
    0.010490479403125553,
    0.010459862266778168,
    0.01038950300117591,
    0.010491281097983241,
    0.010379132228245597,
    0.01040937506926724,
    0.010459470437495408,
    0.010400391688863132,
    0.010412726696542043,
    0.010305658509771439,
    0.010398704219538726,
    0.010303436326014203,
    0.010395149622652967,
    0.010351762872362998,
    0.01024909696231286,
    0.010317785331307039,
    0.010299339584221289
  ],