{
  "seed": 42,
  "num_views": 5,
  "token_dim": 5,
  "num_buses": 30,
  "device": "cuda",
  "epochs": 1500,
  "embed_dim": 128,
  "num_layers": 6,
  "batch_size": 128,
  "mask_ratio": 0.75,
  "lr": 0.0001,
  "weight_decay": 1e-05,
  "patience": 25,
  "memory_efficient": false,
  "accumulation_steps": 2,
  "timestamp": "2025-11-02T20:45:01.889923Z",
  "training_losses": [
    1.410586094856262,
    0.7287244906792273,
    0.6773096359693087,
    0.6758577695259681,
    0.6222103779132551,
    0.5770635568178617,
    0.5648050509966336,
    0.5602921137442957,
    0.5244411312616788,
    0.5113547609402583,
    0.48783661035390996,
    0.46591937817060036,
    0.4594799454395587,
    0.43610135591947113,
    0.42401305070290196,
    0.4201795944800744,
    0.4113454167659466,
    0.4075306791525621,
    0.40028410416383015,
    0.3947993957079374,
    0.3860147778804486,
    0.3751521779940679,
    0.37275041891978333,
    0.3624881964463454,
    0.35504828599783084,
    0.3433084717163673,
    0.3316374118511493,
    0.3320445069899926,
    0.3188281517762404,
    0.3118699055451613,
    0.30334313649397626,
    0.2993896126747131,
    0.2904230833053589,
    0.2850471799190228,
    0.27909646401038535,
    0.2731326580047608,
    0.26271346532381495,
    0.25770629140046925,
    0.25675385044171256,
    0.24807198872933023,
    0.2450279199160062,
    0.2351485059811519,
    0.228544807434082,
    0.21779156556496254,
    0.21211227866319507,
    0.2035185804733863,
    0.1984904041657081,
    0.1939458594872401,
    0.18563341590074392,
    0.18091839047578664,
    0.17650457941568815,
    0.17177155843147865,
    0.1668236480309413,
    0.1626093511398022,
    0.15719261306982774,
    0.15679052197016202,
    0.15515740651350757,
    0.1525864683664762,
    0.1487928399672875,
    0.14901098975768454,
    0.1459890704888564,
    0.14139866553820096,
    0.1425397272293384,
    0.13827464626385616,
    0.13924225156123823,
    0.13520884055357715,
    0.13405933838624223,
    0.1334872869344858,
    0.12964727878570556,
    0.12785869103211625,
    0.12694352727669939,
    0.12545441320309275,
    0.12456114200445322,
    0.12361293251697836,
    0.1214595851989893,
    0.12047022512325872,
    0.11692091662150163,
    0.11664455280854152,
    0.11601871595932887,
    0.11484022369751565,
    0.11286362638840308,
    0.10997055975290446,
    0.1096309022261546,
    0.10734034432814672,
    0.10607307828389681,
    0.10527716829226566,
    0.10371972551712624,
    0.10393985441097847,
    0.1029814050747798,
    0.10214330324759852,
    0.10141223462728356,
    0.09901485007542829,
    0.09699940360509432,
    0.0968676534982828,
    0.09502411140845371,
    0.09685953167768627,
    0.09229595707013058,
    0.0927366022880261,
    0.09039424703671382,
    0.0918119875284342,
    0.09262918050472553,
    0.09112015320704533,
    0.09011331383998579,
    0.08850483871423281,
    0.08735288748374351,
    0.08815051385989556,
    0.0850758644250723,
    0.08410428303938645,
    0.08182791425631598,
    0.08263673415550818,
    0.08207108424260066,
    0.0833706945180893,
    0.08211716253023882,
    0.08044978380203248,
    0.08093491609279925,
    0.07843715273416961,
    0.07841475009918214,
    0.07689630205814654,
    0.07979285808709952,
    0.07935305833816529,
    0.07720844699786258,
    0.07564912369618047,
    0.0753130229619833,
    0.07392866909503937,
    0.07497446743341594,
    0.07340272252376262,
    0.07305784431787637,
    0.07280217363284183,
    0.07191822551763975,
    0.071282471372531,
    0.07171883101646717,
    0.07160586095773257,
    0.07114435296792251,
    0.07017579743495356,
    0.06841885974773994,
    0.06908021454627697,
    0.0695192562846037,
    0.06708053728708853,
    0.06886535126429337,
    0.06594507740094112,
    0.06613959326193883,
    0.06542226763872,
    0.06574297134692852,
    0.06543806814230405,
    0.06574657146747295,
    0.06616596040817407,
    0.06430729925632477,
    0.06461831938761932,
    0.06283924946418175,
    0.06339191037874956,
    0.06352261155843736,
    0.06292573236502133,
    0.06346311145103894,
    0.06225170905773457,
    0.06116665338094418,
    0.06169925996890435,
    0.05988776913056007,
    0.06036879294193708,
    0.06042285618873743,
    0.05880296471027227,
    0.05850004439170543,
    0.05866630925582005,
    0.06008022553645647,
    0.06124275441353137,
    0.0591725488121693,
    0.058629799576906054,
    0.05910893965225954,
    0.057146307711417856,
    0.05836903876983202,
    0.05771739631891251,
    0.056650153260964606,
    0.05688857229856344,
    0.057491898651306446,
    0.05714618254166384,
    0.05492497797195728,
    0.056768612907483036,
    0.054093584991418406,
    0.056164533816851096,
    0.05524128686923247,
    0.053394574500047254,
    0.055174414469645564,
    0.05456912563397334,
    0.05349308894230769,
    0.05196892985930809,
    0.05175980191964369,
    0.05165011412822283,
    0.051966432424692,
    0.051966893902191745,
    0.05131226732180669,
    0.05152878566430165,
    0.053002310716188876,
    0.05059806177249322,
    0.050059376657009116,
    0.05033996987801332,
    0.05050421150831076,
    0.05047042369842529,
    0.04950481653213501,
    0.0495845357959087,
    0.05004990364496525,
    0.050152189227250905,
    0.049108144640922544,
    0.050504410037627595,
    0.0504022520322066,
    0.05069523958059458,
    0.050043413272270784,
    0.049533435587699584,
    0.048519565738164454,
    0.04957250826633893,
    0.048527046808829674,
    0.047392122676739326,
    0.049130301521374625,
    0.04865215718746185,
    0.0490705715922209,
    0.04915773593462431,
    0.04847838213810554,
    0.047054885442440325,
    0.04806354848238138,
    0.04689260067848059,
    0.048120101942465854,
    0.046660538132374106,
    0.04641169194991771,
    0.04707954789583499,
    0.04743091979852089,
    0.04770211290854674,
    0.04708260962596307,
    0.04677587598562241,
    0.04493471934245183,
    0.04678113907575607,
    0.04657403563077633,
    0.044650000677658966,
    0.0467520310328557,
    0.045971160324720234,
    0.04600789592816279,
    0.045661244598718786,
    0.04516732784417959,
    0.04536387736980732,
    0.045419029203745034,
    0.04518752785829397,
    0.045687646246873416,
    0.04493939383671834,
    0.04604929353182133,
    0.04571396399002809,
    0.04649605154991151,
    0.04578275474218221,
    0.04474276487643903
  ],