{
  "seed": 42,
  "num_views": 10,
  "token_dim": 5,
  "num_buses": 30,
  "device": "cuda",
  "epochs": 1500,
  "embed_dim": 128,
  "num_layers": 6,
  "batch_size": 64,
  "mask_ratio": 0.75,
  "lr": 0.0001,
  "weight_decay": 1e-05,
  "patience": 25,
  "memory_efficient": true,
  "accumulation_steps": 2,
  "timestamp": "2025-11-02T21:15:24.454735Z",
  "training_losses": [
    1.578799063884295,
    0.8271061159097233,
    0.6919932700120485,
    0.6462894866099725,
    0.5981047332286835,
    0.5920077997904557,
    0.5573032615276483,
    0.539529292170818,
    0.5261979944430865,
    0.5097103925851676,
    0.4856034560845448,
    0.46928970286479366,
    0.4578302617256458,
    0.4433985098050191,
    0.4281343982769893,
    0.42407717246275684,
    0.41581083788321566,
    0.42546740884964274,
    0.4231019033835484,
    0.41284476358156935,
    0.40642108710912556,
    0.39204017932598406,
    0.38691289585370287,
    0.3806094733568338,
    0.37911932674738075,
    0.36592819255131936,
    0.36185218714750733,
    0.35092099950863764,
    0.3391786132867519,
    0.32845408068253445,
    0.3261725274416116,
    0.3179414776655344,
    0.31413135964136857,
    0.30669051317068247,
    0.29872522526062456,
    0.29757254307086656,
    0.2845247986224982,
    0.2776392508011598,
    0.26877274283995994,
    0.26604971220860113,
    0.25955062222022274,
    0.2516408029657144,
    0.24725107504771307,
    0.23480262504174162,
    0.2327898377409348,
    0.22486816358107786,
    0.22304819650374924,
    0.2117517073567097,
    0.20113921154003878,
    0.19225276972238836,
    0.19000007005838246,
    0.18098874481824734,
    0.17648965429801208,
    0.16798953757836269,
    0.16785859499986355,
    0.161689151938145,
    0.15731726134052643,
    0.1565287992358208,
    0.15469435854600025,
    0.15246853828430174,
    0.14988357063669425,
    0.14569132482776273,
    0.14290568049137412,
    0.14120652348949359,
    0.14144300422989406,
    0.14424785450100902,
    0.13844715328170704,
    0.13485000786873008,
    0.1294686468747946,
    0.13218310515467938,
    0.1287031911313534,
    0.12529378252533763,
    0.12603071991067666,
    0.12305727870418476,
    0.12276172844263224,
    0.12056879624724387,
    0.11772638427523467,
    0.11815142648724408,
    0.11571629964388333,
    0.11458925988811713,
    0.11293997002335694,
    0.11232968608920392,
    0.11248394210751242,
    0.10991903686752685,
    0.10779785657158264,
    0.10548122760195001,
    0.1046093072455663,
    0.10467642024159432,
    0.10547087066448652,
    0.10410906477616383,
    0.10203257856460718,
    0.097245874026647,
    0.09697166853226148,
    0.09782764797027295,
    0.09558784302610619,
    0.09664815962314607,
    0.09243214680598331,
    0.09454311568003435,
    0.09454386429144786,
    0.09355477123306348,
    0.09081723477977974,
    0.08948596185789658,
    0.09007375767597786,
    0.08845033118358026,
    0.0879955553664611,
    0.08769352880234903,
    0.08746123345425497,
    0.08587556518614294,
    0.08423968158089198,
    0.08354463236263164,
    0.08282819843062988,
    0.08364067243841977,
    0.08398248963057994,
    0.08059323960198807,
    0.08039289042353628,
    0.07888191052927421,
    0.07933990319187824,
    0.08114688482422094,
    0.08013893076433586,
    0.07721370940025035,
    0.07864369331644132,
    0.07693214920850901,
    0.07507433154835151,
    0.07371975286648823,
    0.07522774086548732,
    0.07384782052383973,
    0.0738647758960724,
    0.07111488990485668,
    0.07096027668852072,
    0.07250332138859308,
    0.07319159533541936,
    0.07273595542288744,
    0.07184779890454733,
    0.06956336730374739,
    0.06861690520667113,
    0.06970461486623837,
    0.0700881127268076,
    0.06958882570839844,
    0.06791576210122842,
    0.06885783999012066,
    0.06966460063480415,
    0.0681695105937811,
    0.06762300428862755,
    0.06749727350588028,
    0.06677718629630712,
    0.0684757228081043,
    0.06643490630846757,
    0.0644040492005073,
    0.06318308040499687,
    0.06295111918678652,
    0.06435808960634928,
    0.06312494851075687,
    0.06387783280358865,
    0.06376807291347247,
    0.0617660787816231,
    0.06246461702080873,
    0.06165788571995039,
    0.06067712725355075,
    0.06367184995458675,
    0.06130473229747551,
    0.05926376968049086,
    0.06003612460425267,
    0.06029961627836411,
    0.062041021568270835,
    0.059855645063977975,
    0.059480381040618965,
    0.06045804533820886,
    0.05998910510769258,
    0.05933877516251343,
    0.05733933176558752,
    0.055596624114192444,
    0.05701565928757191,
    0.05640799847359842,
    0.05424409379752783,
    0.055180526209565296,
    0.054749784704584345,
    0.05538757260029132,
    0.055651872691053615,
    0.05437726779625966,
    0.05527618633439908,
    0.054367921014244744,
    0.054762552907833675,
    0.054487720991556444,
    0.05363641146283883,
    0.05282008444460539,
    0.05387369692325591,
    0.05393278386730414,
    0.0533220499753952,
    0.05240729262049381,
    0.0535877710638138,
    0.054292911577683234,
    0.05234299794985699,
    0.052614313994462675,
    0.0529497522001083,
    0.05204552030907227,
    0.05308026450757797,
    0.05140664376891576,
    0.05166259336356934,
    0.05055161935205644,
    0.05104134763376071,
    0.050605733549365636,
    0.050702238426758695,
    0.05044409787425627,
    0.050837341266182744,
    0.05025891137237732,
    0.050871123430820606,
    0.04951853280743727,
    0.0514185559291106,
    0.049702191395828356,
    0.050550772335666884,
    0.05122505283126465,
    0.05115859826596884,
    0.05138663308551678,
    0.049485494196414945,
    0.04961591514830406,
    0.05002124512997957,
    0.04922103856045467,
    0.049491026868613876,
    0.05063653210034738,
    0.048156589928727886,
    0.04935069221716662,
    0.04899364894685838,
    0.049635735583993104,
    0.04809770105549922,
    0.05091691441260851,
    0.04949093641569981,
    0.04919590554558313,
    0.048442463576793666,
    0.04975871174381329,
    0.04802805431760274,
    0.04894758216463602,
    0.048022401476135616,
    0.04815928543416354,
    0.048158459737896925,
    0.048540420400408596,
    0.04794545938762333,
    0.04922750692528029,
    0.04915412667279059,
    0.049024602541556724,
    0.05011362366091747,
    0.04908342582102006,
    0.04859826071904256,
    0.049200203183751845,
    0.04840334906027867,
    0.04737898350621645
  ],