{
  "seed": 42,
  "num_views": 15,
  "token_dim": 5,
  "num_buses": 30,
  "device": "cuda",
  "epochs": 1500,
  "embed_dim": 128,
  "num_layers": 6,
  "batch_size": 42,
  "mask_ratio": 0.75,
  "lr": 0.0001,
  "weight_decay": 1e-05,
  "patience": 25,
  "memory_efficient": true,
  "accumulation_steps": 2,
  "timestamp": "2025-11-02T21:31:15.149329Z",
  "training_losses": [
    2.094395494461059,
    1.3659723261992136,
    1.2446514646212261,
    0.9028120597203573,
    1.1989364643891651,
    1.1940063357353212,
    0.7767907480398815,
    1.1120160420735679,
    0.9842040181159972,
    0.734027906258901,
    1.1308603247006734,
    0.9061220486958822,
    0.6892959733804067,
    0.832789562145869,
    0.6715704580148061,
    0.648006679614385,
    0.6158376614252726,
    0.611190390586853,
    0.5873812238375345,
    0.6358452081680297,
    0.597431081533432,
    0.592328957716624,
    0.5582907259464264,
    0.5711184859275817,
    0.562774662176768,
    0.5802425841490428,
    0.5681518276532491,
    0.5681080321470897,
    0.5614111502965291,
    0.5337935090065002,
    0.5585305631160735,
    0.5372732877731323,
    0.5701072037220001,
    0.5598324845234552,
    0.6453066527843476,
    0.5428777714570363,
    0.5196479757626852,
    0.5223014116287231,
    0.5104962170124054,
    0.51985302567482,
    0.5091068089008332,
    0.5074220975240071,
    0.5114297191301982,
    0.5063845793406169,
    0.5020124435424804,
    0.5009677956501642,
    0.5012643784284592,
    0.4960086703300476,
    0.494837545355161,
    0.4921317845582962,
    0.49329954683780675,
    0.5021005243062973,
    0.49478760262330373,
    0.5022475381692251,
    0.4864333629608154,
    0.49134658376375834,
    0.4948127975066503,
    0.48553927938143415,
    0.48631273309389755,
    0.4890994737545649,
    0.47635938624540963,
    0.480096826950709,
    0.4834358463684718,
    0.48495160341262816,
    0.47751337587833403,
    0.4699645111958186,
    0.4671806981166204,
    0.4676803410053253,
    0.46913737058639526,
    0.46464808384577433,
    0.46584599514802294,
    0.4575991829236349,
    0.46280941168467205,
    0.47295664846897123,
    0.4575451026360194,
    0.46184122761090596,
    0.4492403248945872,
    0.4615750700235367,
    0.4497505873441696,
    0.4523089945316315,
    0.44379011193911233,
    0.45215525527795153,
    0.43878581126530963,
    0.439879959821701,
    0.43639426032702133,
    0.4331914802392324,
    0.4306514183680216,
    0.44234000345071156,
    0.42880850434303286,
    0.4335011680920919,
    0.4242784947156906,
    0.4276567916075389,
    0.41810011565685273,
    0.41965265274047847,
    0.4217345088720321,
    0.4086218396822612,
    0.410475813349088,
    0.41665272116661073,
    0.41298863887786863,
    0.4069711128870646,
    0.4011306325594584,
    0.40127002795537314,
    0.3954743087291718,
    0.40074231326580045,
    0.39634553790092464,
    0.39546401500701905,
    0.3952300479014714,
    0.39467277824878694,
    0.39362100859483085,
    0.3860752711693446,
    0.3872800757487615,
    0.3883622805277507,
    0.38768633604049685,
    0.3853978971640269,
    0.383531779050827,
    0.38441282908121743,
    0.3831001301606496,
    0.38020719091097516,
    0.3790865451097488,
    0.37858139276504515,
    0.37728369335333506,
    0.37774855693181353,
    0.37342948615550997,
    0.3755530228217443,
    0.3791576643784841,
    0.37058952649434407,
    0.37076015770435333,
    0.3728740006685257,
    0.37608087559541065,
    0.37510916590690613,
    0.36509911517302196,
    0.36922670900821686,
    0.3658786952495575,
    0.36902986268202465,
    0.36611135999361677,
    0.3666813979546229,
    0.3674002081155777,
    0.3674630542596181,
    0.36457873980204264,
    0.3661473194758097,
    0.3637654761473338,
    0.36331257621447244,
    0.36136470437049867,
    0.36005306045214336,
    0.35809082686901095,
    0.3624059130748113,
    0.3576791415611903,
    0.35957438349723814,
    0.35959716836611433,
    0.35775764683882394,
    0.3558551907539368,
    0.3550671031077703,
    0.35756963888804116,
    0.3644808123509089,
    0.35904505451520285,
    0.3561868707338969,
    0.3609408845504125,
    0.35532244344552355,
    0.3527726332346598,
    0.35471478700637815,
    0.3566825926303864,
    0.3563553730646769,
    0.3524217536052068,
    0.35667758584022524,
    0.3515983064969381,
    0.3491615921258926,
    0.3525198370218277,
    0.354465925693512,
    0.3528273453315099,
    0.34991539021333057,
    0.35543610354264576,
    0.35425064464410144,
    0.35024688243865965,
    0.3477668950955073,
    0.35124711096286776,
    0.3518134484688441,
    0.3491811752319336,
    0.34998056491216023,
    0.3525924215714137,
    0.35217540959517163,
    0.350281623005867,
    0.3499800662199656,
    0.3514777590831121,
    0.34759475390116373,
    0.3509503195683161,
    0.34967459738254547,
    0.3449418236811955,
    0.3450762242078781,
    0.3488090684016546,
    0.3480358898639679,
    0.35379184583822887,
    0.3461415469646454
  ],