{
  "seed": 42,
  "num_views": 4,
  "token_dim": 5,
  "num_buses": 30,
  "device": "cuda",
  "epochs": 1500,
  "embed_dim": 128,
  "num_layers": 6,
  "batch_size": 128,
  "mask_ratio": 0.75,
  "lr": 0.0001,
  "weight_decay": 1e-05,
  "patience": 25,
  "memory_efficient": false,
  "accumulation_steps": 2,
  "timestamp": "2025-11-03T18:39:29.321841Z",
  "training_losses": [
    0.7956306776031852,
    0.5524701506365091,
    0.4656708864495158,
    0.4094611497130245,
    0.374819177435711,
    0.3338799988850951,
    0.29523747717030346,
    0.26109137129969895,
    0.23386085801757872,
    0.20019642962142825,
    0.1715772325405851,
    0.15775720204692334,
    0.14723071455955505,
    0.13758454081835225,
    0.13004507828736678,
    0.12204244645545259,
    0.11710558936465532,
    0.10858817730331793,
    0.10273884277557954,
    0.09700131573481485,
    0.09306347335223109,
    0.08808248600689694,
    0.08376818569377065,
    0.08063554350519553,
    0.07814173668157309,
    0.0748347346088849,
    0.07312707579694688,
    0.07002992241177708,
    0.06898033409379423,
    0.06735717708943412,
    0.06474133711890317,
    0.06307549454504624,
    0.06135149099281989,
    0.06006044664536603,
    0.058063572156243026,
    0.057380515936529264,
    0.055764326971257105,
    0.054201030667172745,
    0.05341089452849701,
    0.05319844919722527,
    0.05178402177989483,
    0.051513998478185385,
    0.04979543399531394,
    0.05019872359116562,
    0.04884354257956147,
    0.04824982307036407,
    0.04745785458362661,
    0.04635213004075922,
    0.045863007253501564,
    0.04604198384913616,
    0.04406446299981326,
    0.04400901749613695,
    0.042913798126392066,
    0.04325338747003116,
    0.042065569083206356,
    0.041282195365056396,
    0.041955253400374204,
    0.04055136277747806,
    0.04034782332018949,
    0.040752368920948356,
    0.03967986154020764,
    0.03908289301034529,
    0.03849650447955355,
    0.03812751632358413,
    0.0380233019386651,
    0.03780783609545324,
    0.03644333929696586,
    0.037249844055622816,
    0.037050855506095104,
    0.03619576220808085,
    0.035872046486474574,
    0.03547532652737573,
    0.034897720310254954,
    0.033948459080420434,
    0.033140005281893536,
    0.03287873171211686,
    0.03256112418603152,
    0.032727229336160235,
    0.03253422660054639,
    0.03260079910978675,
    0.03233061150240246,
    0.032170644437428564,
    0.032233831312623806,
    0.03201937917037867,
    0.03127580162254162,
    0.03155657692695968,
    0.031503399935900234,
    0.031141161860432476,
    0.031172363451332785,
    0.03132930467836559,
    0.03024211422598455,
    0.03070300204853993,
    0.03061241624527611,
    0.03108780774346087,
    0.031016690612887032,
    0.03001504807616584,
    0.03047951504413504,
    0.02970752672990784,
    0.0295631834451342,
    0.029763160302536562,
    0.02956480492139235,
    0.029699482503929175,
    0.029476799638359807,
    0.029402281594229862,
    0.0300116488506319,
    0.029131430317647755,
    0.02946771126880776,
    0.028743559756549075,
    0.02876128104981035,
    0.02784619938756805,
    0.027455497373011895,
    0.02742129903344903,
    0.027385654495446943,
    0.02767812852107454,
    0.02747064080904238,
    0.026958118978654966,
    0.02667026851850096,
    0.027025167612009682,
    0.02696354874933604,
    0.02779956834274344,
    0.026511892312555574,
    0.02670588798355311,
    0.026911974156973884,
    0.026821640582056716,
    0.02654707638430409,
    0.026679734117351472,
    0.02616498946736101,
    0.026189843512838706,
    0.026066719350637868,
    0.026013807393610477,
    0.0262098570674425,
    0.025695107819046825,
    0.025788018145249225,
    0.02544728116481565,
    0.025385554472450167,
    0.025674020740552805,
    0.02518907329067588,
    0.025683523679617792,
    0.025404142128536478,
    0.025648185852332972,
    0.02550363482441753,
    0.025750436587259173,
    0.025576972679118626,
    0.024975264954264276,
    0.024883475693059154,
    0.02495306149648968,
    0.025344734371174127,
    0.025032513149199076,
    0.025198087547323667,
    0.02488275003270246,
    0.025164438789943233,
    0.0247778727352852,
    0.025158131582429633,
    0.024686030490556732,
    0.024866151637979783,
    0.024802056344924495,
    0.02496000377868768,
    0.02461735947872512,
    0.0243911109137116,
    0.02473029779503122,
    0.0246536775957793,
    0.024823549392749555,
    0.024707970980671234,
    0.02489398029865697,
    0.02467654370411765,
    0.024289073422551155,
    0.02415200111863669,
    0.024661635965458117,
    0.024579330274718814,
    0.02441859534883406,
    0.024601911660283804,
    0.024613948102341965,
    0.02463121675828006,
    0.02460142619383987,
    0.02462730385013856,
    0.02430775792163331,
    0.024312138935783878,
    0.02468526887241751,
    0.024480863561620936,
    0.024619392366730608,
    0.024523673579096794,
    0.024458269283059053,
    0.024663654636242427,
    0.0241248490056023,
    0.02423471797374077,
    0.024488920040312223,
    0.024379017064347863,
    0.024401359536568634,
    0.02451872089295648,
    0.024357019472518004,
    0.024176064820494503,
    0.024762099244981073,
    0.0239697201322997,
    0.02406386779330205,
    0.024171905373805203,
    0.024334968213224784,
    0.024037542680162005,
    0.024809720591292717,
    0.02392110375512857,
    0.02404676614969503,
    0.024179788393666968
  ],