{
  "seed": 42,
  "num_views": 1,
  "token_dim": 5,
  "num_buses": 30,
  "device": "cuda",
  "epochs": 1500,
  "embed_dim": 128,
  "num_layers": 6,
  "batch_size": 128,
  "mask_ratio": 0.75,
  "lr": 0.0001,
  "weight_decay": 1e-05,
  "patience": 25,
  "memory_efficient": false,
  "accumulation_steps": 2,
  "timestamp": "2025-11-03T17:27:17.512481Z",
  "training_losses": [
    0.7839156743139029,
    0.5507670287042856,
    0.46707645943388343,
    0.42059187358245254,
    0.40055124275386333,
    0.36459273751825094,
    0.3313707741908729,
    0.2980184145271778,
    0.2684448922518641,
    0.24244648637250066,
    0.21281922049820423,
    0.18788177333772182,
    0.17247039871290326,
    0.16081702709197998,
    0.15336035750806332,
    0.1476045009912923,
    0.13680618989747018,
    0.13617554667871445,
    0.1301963668083772,
    0.12679334252607077,
    0.12244999292306602,
    0.11722717829979956,
    0.11278930143453181,
    0.10882341407705098,
    0.10371043928898871,
    0.10069512133486569,
    0.09698987705633044,
    0.09554389002732933,
    0.09301392384804785,
    0.08941046625841409,
    0.08668970060534775,
    0.08515226293820888,
    0.08378172386437654,
    0.0795792497228831,
    0.077512769959867,
    0.0766545016085729,
    0.0755978679517284,
    0.07161081430967897,
    0.07241541310213506,
    0.0722518734401092,
    0.0698622545460239,
    0.06738996901549399,
    0.0659039993188344,
    0.06661285349400714,
    0.06450403691269457,
    0.06550756242359057,
    0.0628551397821866,
    0.06223551381845027,
    0.06227542198030278,
    0.06126423296518624,
    0.060073079308494925,
    0.058981747133657336,
    0.06026578351156786,
    0.0584057008381933,
    0.055855924205388874,
    0.05466375622199848,
    0.05464292492251843,
    0.05601354758255184,
    0.054583881283178926,
    0.053309193812310696,
    0.05552284012082964,
    0.05247441487153992,
    0.05291472695535049,
    0.052548550243955106,
    0.05227740341797471,
    0.05005271447589621,
    0.05010694795055315,
    0.04891639051493257,
    0.049578997888602316,
    0.04910657199798152,
    0.0485882802749984,
    0.047536276921164244,
    0.050314183987211436,
    0.04636964446399361,
    0.046583310642745346,
    0.04540837270906195,
    0.0449035640922375,
    0.04701045504771173,
    0.04557700548321009,
    0.047042840626090765,
    0.04514217464020476,
    0.04389234335394576,
    0.04460151254897937,
    0.0439233036886435,
    0.04409685908467509,
    0.04414773857570253,
    0.04436235863249749,
    0.042944561486365274,
    0.04323168285191059,
    0.04284064070088789,
    0.04200941580347717,
    0.041560364537872374,
    0.04197967305663042,
    0.0418513281038031,
    0.04070922403479926,
    0.04224805033300072,
    0.03851355324150063,
    0.038240732421400025,
    0.03694452909985557,
    0.03654144928441383,
    0.03679451244533993,
    0.036838696600170806,
    0.037951907579554245,
    0.03663045819848776,
    0.037185604363912717,
    0.035590162908192724,
    0.03556928248144686,
    0.03639318430214189,
    0.035428159608272836,
    0.035874293418601155,
    0.03457450389396399,
    0.03555903409142047,
    0.03513691367697902,
    0.03483805575524457,
    0.03617507213493809,
    0.03537802223581821,
    0.03411736895213835,
    0.03450134411104955,
    0.03661190209095366,
    0.03538342006504536,
    0.035629467165563256,
    0.034685365069890395,
    0.03413206301047467,
    0.03354537402628921,
    0.033515820250613615,
    0.032215569517575204,
    0.03236631053732708,
    0.03205838135909289,
    0.031864382879575714,
    0.032231592951575294,
    0.03348645367077552,
    0.032371073408285156,
    0.03124661315814592,
    0.03235629203845747,
    0.031614388863090426,
    0.03208771688514389,
    0.031652169389417395,
    0.031059907836606726,
    0.032302960607921705,
    0.03264250117354095,
    0.031366949930088595,
    0.03141847817460075,
    0.031016166525660083,
    0.030972803913755342,
    0.03116952010896057,
    0.0314059849770274,
    0.0311676396522671,
    0.030530066636856645,
    0.03103319910587743,
    0.031694620149210095,
    0.030916340270778164,
    0.031052521691890433,
    0.03258808972896077,
    0.03095928340917453,
    0.030612057074904442,
    0.031618858338333666,
    0.030350748915225267,
    0.029734991199802607,
    0.029967569367727265,
    0.03087301630876027,
    0.02970008150441572,
    0.030691053019836545,
    0.02952221321174875,
    0.030655190348625183,
    0.029323895985726267,
    0.029595723608508706,
    0.0296319151239004,
    0.030666587728774175,
    0.02961569686885923,
    0.030197959713404998,
    0.02952816046308726,
    0.029280890885274857,
    0.029726862820098177,
    0.029856043664040044,
    0.028615905961487442,
    0.029284849617397413,
    0.03019521792884916,
    0.02984260642551817,
    0.029451707523548976,
    0.02891560082207434,
    0.029206771141616628,
    0.029495289287297055,
    0.02943649736698717,
    0.029411946539767087,
    0.029210892971605062,
    0.0285953008569777,
    0.02937524684239179,
    0.029572638944955543,
    0.028824395209085196,
    0.02827951338258572,
    0.0285182842053473,
    0.029495716356905177,
    0.029212141002062708,
    0.028425864118617028,
    0.030605776177253574,
    0.028899064229335636,
    0.028293351089814678,
    0.028039269789587706,
    0.028437024913728237,
    0.027795940754003823,
    0.028249117691302672,
    0.02841145286220126,
    0.02756859891815111,
    0.028557355981320143,
    0.028392925392836332,
    0.02876460229163058,
    0.027771246095653623,
    0.029737360018771142,
    0.027864903095178306,
    0.02770870749372989,
    0.02811437245691195,
    0.02805154398083687,
    0.02861044174642302,
    0.02827349750441499,
    0.028552968229632825,
    0.028120415227022022,
    0.02839748130645603,
    0.02895241937949322,
    0.028025568375596777,
    0.027111680305097252,
    0.026597231742925942,
    0.02876579313306138,
    0.02796684400527738,
    0.028233950055437163,
    0.02739390076021664,
    0.0276875525014475,
    0.02812372296466492,
    0.027814865723485127,
    0.02802775861346163,
    0.02654955442994833,
    0.027131528680911288,
    0.02723904131562449,
    0.0282322543207556,
    0.02688717035925947,
    0.0277300612651743,
    0.027445070445537567,
    0.02823948542936705,
    0.027668975468259305,
    0.02828223505639471,
    0.027461560064693913,
    0.0278211118420586,
    0.027434988936875015,
    0.027519407827639952,
    0.02778350983862765,
    0.027805926598375663
  ],