{
  "seed": 42,
  "num_views": 1,
  "token_dim": 5,
  "num_buses": 30,
  "device": "cuda",
  "epochs": 1500,
  "embed_dim": 128,
  "num_layers": 6,
  "batch_size": 256,
  "mask_ratio": 0.75,
  "lr": 0.0001,
  "weight_decay": 1e-05,
  "patience": 25,
  "memory_efficient": false,
  "accumulation_steps": 2,
  "timestamp": "2025-11-02T20:12:58.939303Z",
  "training_losses": [
    2.1637492179870605,
    2.1745901107788086,
    1.7390755414962769,
    0.8709048628807068,
    1.680123209953308,
    1.8566099405288696,
    1.7573884725570679,
    1.262198805809021,
    0.735541045665741,
    1.4673845767974854,
    2.0368216037750244,
    1.8614583015441895,
    1.608036756515503,
    1.208975911140442,
    0.8857975602149963,
    0.7675302028656006,
    0.9698826670646667,
    1.1115071773529053,
    0.8982736468315125,
    0.715339183807373,
    0.7442195415496826,
    0.8119807839393616,
    0.8377490043640137,
    0.8135576844215393,
    0.7064294219017029,
    0.6385473608970642,
    0.7106543183326721,
    0.6760222315788269,
    0.6210765838623047,
    0.6398931741714478,
    0.6429280042648315,
    0.6095227003097534,
    0.644375741481781,
    0.6693602800369263,
    0.6195248365402222,
    0.6150639653205872,
    0.6539191603660583,
    0.6118329763412476,
    0.5889469981193542,
    0.615454375743866,
    0.5980847477912903,
    0.5786536335945129,
    0.5977516770362854,
    0.5765122175216675,
    0.586361825466156,
    0.570918083190918,
    0.5622113347053528,
    0.5697984099388123,
    0.5878186821937561,
    0.5761606693267822,
    0.5687434673309326,
    0.5519489645957947,
    0.5581446886062622,
    0.5613623857498169,
    0.5602142810821533,
    0.5392685532569885,
    0.5509673953056335,
    0.5666465759277344,
    0.5728474855422974,
    0.5457404255867004,
    0.5520089864730835,
    0.5820441246032715,
    0.550920844078064,
    0.5534189343452454,
    0.5538188815116882,
    0.5441353917121887,
    0.5504971742630005,
    0.5330565571784973,
    0.5325809717178345,
    0.5323470830917358,
    0.5544007420539856,
    0.5455887317657471,
    0.5438836216926575,
    0.5275421738624573,
    0.5466399788856506,
    0.532712996006012,
    0.5254622101783752,
    0.5299786329269409,
    0.5310773849487305,
    0.5339419841766357,
    0.5426289439201355,
    0.530198335647583,
    0.5430395007133484,
    0.5543806552886963,
    0.5245648622512817,
    0.5226914882659912,
    0.5355867743492126,
    0.5380299091339111,
    0.5373469591140747,
    0.5175702571868896,
    0.5286116003990173,
    0.5182520747184753,
    0.5329397320747375,
    0.5251486897468567,
    0.5273934602737427,
    0.5339774489402771,
    0.5272523164749146,
    0.5307377576828003,
    0.5249180197715759,
    0.5421402454376221,
    0.5323381423950195,
    0.5061014890670776,
    0.5183984637260437,
    0.5333617925643921,
    0.5338304042816162,
    0.5289247632026672,
    0.518377423286438,
    0.5221970081329346,
    0.5223830342292786,
    0.5220193862915039,
    0.5227349996566772,
    0.5219376087188721,
    0.5247517824172974,
    0.5089378356933594,
    0.5148254632949829,
    0.5164320468902588,
    0.5248094797134399,
    0.5151479840278625,
    0.5188350081443787,
    0.5220746397972107,
    0.5091276168823242,
    0.5327386856079102,
    0.519406795501709,
    0.5107522010803223,
    0.5102177262306213,
    0.5166610479354858,
    0.5207350850105286,
    0.5212839841842651,
    0.5119079947471619,
    0.5184497237205505,
    0.510371208190918,
    0.5104981064796448,
    0.5163633227348328,
    0.535869300365448,
    0.5186861157417297,
    0.520919919013977,
    0.5251922011375427,
    0.5131374001502991,
    0.5181738138198853,
    0.5240358710289001
  ],
  "val_mse_losses": [
    2.0577038081005368,
    1.5690760756983901,
    0.6944308810763888,
    1.4814781420158618,
    1.7845323350694444,
    1.661200012823548,
    1.2031717011422822,
    0.6398063813797151,
    1.4678135110874369,
    1.8825304435961174,
    1.8127532342467645,
    1.4206706345683398,
    1.0507565893308082,
    0.7561617764559659,
    0.6967053654217961,
    0.8445698131214489,
    0.9985057175761521,
    0.7726055877377288,
    0.5691989937213936,
    0.6501145025696418,
    0.725993300929214,
    0.6929927016749526,
    0.7299874045632102,
    0.5674814551767676,
    0.5418856457026318,
    0.6273896959092882,
    0.5764683810147372,
    0.5317211343784525,
    0.5133970626676926,
    0.4655886563387784,
    0.4926277314773714,
    0.5576383417302911,
    0.5086255314374211,
    0.5239317922881155,
    0.4643041437322443,
    0.5215727680861347,
    0.49617828985657353,
    0.4941440158420139,
    0.5320514717487373,
    0.43810896439985797,
    0.48707280014500476,
    0.45371770377110954,
    0.45052984989050665,
    0.4577677948306305,
    0.44415965224757337,
    0.5217600350428109,
    0.4541722307301531,
    0.46609631933347145,
    0.49472589203805634,
    0.4746753422900884,
    0.4547835070677478,
    0.44492517336450443,
    0.46886370880435213,
    0.46054493297230115,
    0.47360233345417063,
    0.4329388551037721,
    0.4644455572571417,
    0.4655195294004498,
    0.4621301901460898,
    0.47289491903902303,
    0.48997921413845485,
    0.4367111668442235,
    0.4326224278922033,
    0.45748200079407353,
    0.4709353206133602,
    0.44568279536083494,
    0.4295682810773753,
    0.43734286529849276,
    0.4635136536877565,
    0.4543999565972222,
    0.45714858084013965,
    0.45574195938880996,
    0.4410410794344815,
    0.4401627742882931,
    0.4462687174479167,
    0.474507880933357,
    0.4595968843710543,
    0.45263964720446653,
    0.41956113564847697,
    0.45730240176422426,
    0.452311660304214,
    0.48764978273950443,
    0.4526758675623422,
    0.41915978325737846,
    0.4677451547950205,
    0.42652461504695394,
    0.4142349320228654,
    0.4619190716984296,
    0.44316494103633997,
    0.4623072460444287,
    0.4456054995758365,
    0.44475678723267836,
    0.4389474271523832,
    0.4559798577819208,
    0.4792909718523122,
    0.4229395702631787,
    0.474262545807193,
    0.4448108480434225,
    0.4268410422585227,
    0.4392068265664457,
    0.41245932530875157,
    0.4612074572630603,
    0.45593589243262705,
    0.45165164061266966,
    0.44437932486485954,
    0.45247338034889917,
    0.4101438811331084,
    0.4037719495368726,
    0.40927359070440733,
    0.4157580751361269,
    0.44806447655263576,
    0.4460616448912958,
    0.4278499333545415,
    0.4298824734157986,
    0.3852542530406605,
    0.4284960428873698,
    0.44835323757595485,
    0.4332602915137705,
    0.43812896266128076,
    0.4467774208145912,
    0.4049409037888652,
    0.43329628067787246,
    0.455570683334813,
    0.4206903631036932,
    0.40995333893130526,
    0.43208605833727903,
    0.4215868554934107,
    0.45828193125098643,
    0.4448478005149148,
    0.4186043016838305,
    0.41030282685250946,
    0.4149949815538194,
    0.4215476296164773,
    0.44905633637399384,
    0.40365739302201703,
    0.44114234230735083,
    0.4115945449983231,
    0.44534378822403725,
    0.42802725897894967,
    0.4233314437095565
  ],