{
  "seed": 42,
  "num_views": 30,
  "token_dim": 5,
  "num_buses": 30,
  "device": "cuda",
  "epochs": 1500,
  "embed_dim": 128,
  "num_layers": 6,
  "batch_size": 21,
  "mask_ratio": 0.75,
  "lr": 0.0001,
  "weight_decay": 1e-05,
  "patience": 25,
  "memory_efficient": true,
  "accumulation_steps": 2,
  "timestamp": "2025-11-02T22:29:34.960097Z",
  "training_losses": [
    1.7573872481783233,
    0.8894292362034321,
    0.7336050420999527,
    0.6603828991452853,
    0.6313458564380804,
    0.591639656573534,
    0.5844790702064832,
    0.6098120937744778,
    0.6575513072311878,
    0.6409478185077508,
    0.5668698584040006,
    0.5473167661577464,
    0.5276248296101888,
    0.5251312412321568,
    0.5140942795823018,
    0.5053709731747706,
    0.4958731992791096,
    0.47845469961563747,
    0.47045076799889407,
    0.44531605976323285,
    0.43756867622335754,
    0.4330966766923666,
    0.4301701149592797,
    0.43063075641791027,
    0.42074311686058835,
    0.4227117219318946,
    0.4040809117257595,
    0.40513730719685553,
    0.40640988647937776,
    0.4141639859726032,
    0.39531070714195565,
    0.3865170835206906,
    0.3817368114988009,
    0.37854970345894495,
    0.38286271418134377,
    0.3907191370924314,
    0.3769891992211342,
    0.3779017693052689,
    0.37120979403456056,
    0.37653705018262074,
    0.3661224688092868,
    0.3634850397706032,
    0.35853726367155714,
    0.35566284793118635,
    0.3509813271462917,
    0.34484782367944716,
    0.35282357515146334,
    0.3395151416460672,
    0.33129231389611963,
    0.33115126304328446,
    0.32953919296463335,
    0.3203797529141108,
    0.3165296065310637,
    0.3124892255291343,
    0.30847308083126945,
    0.3038004215185841,
    0.3065394609545668,
    0.2942469385763009,
    0.2880839268366496,
    0.29828691041717925,
    0.2856174523631732,
    0.2864916261285543,
    0.28172036875039336,
    0.2786991939569513,
    0.2733321263144413,
    0.2728274850174785,
    0.26874545166889824,
    0.266320297246178,
    0.2648187132552266,
    0.25897309773912036,
    0.2553412223855654,
    0.25214394504825277,
    0.2454093772917986,
    0.23961974903941152,
    0.24633053832997878,
    0.24408667056510847,
    0.23657439152399695,
    0.2425473046799501,
    0.2380220709989468,
    0.22983637209981678,
    0.22370549173404775,
    0.23300363421440126,
    0.2261319728568196,
    0.21941377297043801,
    0.2160233100876212,
    0.22721904491384828,
    0.21303758285939695,
    0.20738319319983323,
    0.20399221361925202,
    0.20143650043755773,
    0.2043405942618847,
    0.198868713217477,
    0.19863534768422444,
    0.19251196384429936,
    0.1916592168311278,
    0.18582197222858665,
    0.18719212238987287,
    0.18749527720113596,
    0.18938462976366285,
    0.1800390164988736,
    0.17776272961248957,
    0.1799770724649231,
    0.175212185519437,
    0.17248605045800408,
    0.1702726097156604,
    0.1670004836594065,
    0.16550529813393952,
    0.1665422722386817,
    0.16552943230296174,
    0.1621180689893663,
    0.16007516303410133,
    0.1528073374492427,
    0.15808300040662288,
    0.15461323807636898,
    0.15317181820670764,
    0.146163042075932,
    0.14732851143926382,
    0.148159876683106,
    0.14543345713367065,
    0.1460756910033524,
    0.14249330861493947,
    0.1355670646453897,
    0.13631904146944482,
    0.13512598791470132,
    0.13593595695371427,
    0.13687754319980738,
    0.13104074333483973,
    0.13407467948272825,
    0.13056046456719436,
    0.12963341772556305,
    0.128930157640328,
    0.12617806686709324,
    0.1254709778043131,
    0.12612162325531245,
    0.12151248085622986,
    0.12121961278220017,
    0.11950978978226581,
    0.12067728812495866,
    0.11447847805296382,
    0.12017492779220143,
    0.11546243171518047,
    0.1184397926554084,
    0.11563108541692298,
    0.11842984858279426,
    0.1149463671570023,
    0.11810311706115803,
    0.11455418467521666,
    0.11437515489136178,
    0.11754579888656735,
    0.1126590724103153,
    0.10953056750198206,
    0.11187336690103016,
    0.10663304865981142,
    0.10601978941510122,
    0.10766038652509452,
    0.10422119875438512,
    0.09988990635611117,
    0.0980795753498872,
    0.09677341572629908,
    0.10078422324731945,
    0.09524373384192586,
    0.09689295684608319,
    0.09492834896470109,
    0.09454496821078161,
    0.09320605119379857,
    0.09416421341399352,
    0.09405002087975543,
    0.09170599093971153,
    0.0929324449505657,
    0.09197452760611971,
    0.09116251341377694,
    0.09307906624550621,
    0.09172300429393847,
    0.08742234325036408,
    0.08635067755045993,
    0.08919857518437009,
    0.08683237369793156,
    0.08853744766674936,
    0.08793002891664704,
    0.08658846913216015,
    0.08743271087296306,
    0.08382661488528054,
    0.08643849200258652,
    0.08540511030393343,
    0.0851470233251651,
    0.086272815708071,
    0.08546673593421777,
    0.08516998975537718,
    0.08436447282632192,
    0.08435086150032779,
    0.08508593509905041,
    0.08461813189399739,
    0.08496989621780812,
    0.08289293095779915,
    0.08362892669004698,
    0.08225590127209821,
    0.08342805871119102,
    0.08226651203197738,
    0.08567521601604919,
    0.08287453909094135,
    0.0835991584074994,
    0.08277763989754022,
    0.08128290716558693,
    0.08348729854139189,
    0.08084187341543535,
    0.08137258379720151,
    0.08275100789032876,
    0.08067736993543803,
    0.08203349709510802
  ],