{
  "seed": 42,
  "num_views": 10,
  "token_dim": 5,
  "num_buses": 30,
  "device": "cuda",
  "epochs": 1500,
  "embed_dim": 128,
  "num_layers": 6,
  "batch_size": 64,
  "mask_ratio": 0.75,
  "lr": 0.0001,
  "weight_decay": 1e-05,
  "patience": 25,
  "memory_efficient": true,
  "accumulation_steps": 2,
  "timestamp": "2025-11-02T21:08:24.389974Z",
  "training_losses": [
    1.096535514180477,
    0.7099452142532056,
    0.5748935642150732,
    0.561673807639342,
    0.5255558334864102,
    0.48212415633293304,
    0.4478782332860508,
    0.4341210067272187,
    0.41694872241753794,
    0.4051430450035976,
    0.3908078668209223,
    0.37944776243888423,
    0.37162854270293155,
    0.3501493474611869,
    0.3350580209722886,
    0.31763298167632176,
    0.30501904550653236,
    0.2888277227488848,
    0.2760027851049717,
    0.26176888770782025,
    0.2525462312767139,
    0.24359330122287468,
    0.22303843349218372,
    0.2103070444785632,
    0.19251678740748993,
    0.17989263952924656,
    0.17044912232802464,
    0.16349167737823267,
    0.1598657491401984,
    0.15495307875367312,
    0.1499729140733297,
    0.14651072452274652,
    0.14599213517056062,
    0.13822984403142563,
    0.13697960892548927,
    0.13199224641116764,
    0.130952675268054,
    0.12741629217679687,
    0.1237581638762584,
    0.12258437645549955,
    0.11714690866378635,
    0.11300151712046219,
    0.11161245228006288,
    0.10940042526389544,
    0.10714164671416462,
    0.10485492162406447,
    0.10415500852351005,
    0.10150555578561928,
    0.09900142831298021,
    0.09713139907958418,
    0.09614349216795885,
    0.09483267068862913,
    0.09170157846349936,
    0.08937366633461073,
    0.08912230174128827,
    0.0884738449723675,
    0.08599159418103786,
    0.08442280425761758,
    0.08453382048755884,
    0.08344865553081035,
    0.07934710748780233,
    0.07880239565498551,
    0.07919518136634277,
    0.07861876232692827,
    0.07535559894660344,
    0.07640472451368205,
    0.07395745120369471,
    0.07400684618892579,
    0.07247488679221042,
    0.07052883131859394,
    0.0701081263904388,
    0.06980669057139982,
    0.06934674509729331,
    0.06769281667298996,
    0.06557993481938654,
    0.06728140668800243,
    0.06657081469893454,
    0.0651114907545539,
    0.06325244148476766,
    0.06363252961578278,
    0.06340283199858207,
    0.062478749625957924,
    0.062075691226010137,
    0.06101956992911606,
    0.06064213515760807,
    0.0600979326865994,
    0.06072611588125046,
    0.05911774459080055,
    0.05837335426073808,
    0.05741797076681486,
    0.05710578427578395,
    0.056298846421906586,
    0.05661496131752546,
    0.055899875854643497,
    0.0543729510659782,
    0.05439149196474598,
    0.054395932926294896,
    0.053437068986778066,
    0.05364435428323654,
    0.05264495571072285,
    0.05135674414296564,
    0.0513537770925233,
    0.051121222621832905,
    0.05066628189614186,
    0.04981272062286735,
    0.050306579441978375,
    0.04945665196730541,
    0.05066277964327196,
    0.04930283565504046,
    0.04867908836414035,
    0.04804709183338743,
    0.04788096948311879,
    0.048130733799189335,
    0.04835856980285966,
    0.04650434017038116,
    0.04661321547598793,
    0.04572637026699689,
    0.04578234857091537,
    0.04566493313759566,
    0.046315469564153604,
    0.0458003877232281,
    0.044821516667994166,
    0.04487541062900653,
    0.04373597595840692,
    0.04550027462582176,
    0.043321442081091496,
    0.04293173992863068,
    0.04381186310201883,
    0.04392020558365262,
    0.04226052690870486,
    0.0434482487061849,
    0.04239944435226229,
    0.04215525808529213,
    0.04226784026966646,
    0.04174533408994858,
    0.042359803008058895,
    0.041407128101071486,
    0.043126939323086005,
    0.041147981841976836,
    0.04050963803266104,
    0.04069938800082757,
    0.0395762826459339,
    0.04125854660971807,
    0.0401799321317902,
    0.040259610446026675,
    0.04009626155289319,
    0.038981485373985304,
    0.03982594891522939,
    0.03939219422351855,
    0.03899432831945327,
    0.03732876830662673,
    0.039389660610602444,
    0.03770903020810623,
    0.036880252051811946,
    0.03754007164388895,
    0.03786638904219637,
    0.03959636418865277,
    0.0377133740685307,
    0.03687951359181449,
    0.03847982384837591,
    0.03710845211664072,
    0.03547389909911614,
    0.036444900843959585,
    0.03676165808708622,
    0.03764716448405614,
    0.03492594927979204,
    0.034549973245996686,
    0.034732585034977934,
    0.03460540047201972,
    0.033695085998624565,
    0.03398021647276787,
    0.034306934697983356,
    0.03428382314025209,
    0.03440410200363169,
    0.03367267491725775,
    0.03283992340215123,
    0.03421274674339936,
    0.03300147229948869,
    0.032581686468508377,
    0.03208325027416532,
    0.03206483672301357,
    0.0320737676265148,
    0.031880765150372796,
    0.033100087002206305,
    0.031842941174713466,
    0.03226587700012785,
    0.032547185985514746,
    0.032024631240906626,
    0.03194927044499379,
    0.032005942161553176,
    0.031837785201003915
  ],