{
  "seed": 42,
  "num_views": 2,
  "token_dim": 5,
  "num_buses": 30,
  "device": "cuda",
  "epochs": 1500,
  "embed_dim": 128,
  "num_layers": 6,
  "batch_size": 256,
  "mask_ratio": 0.75,
  "lr": 0.0001,
  "weight_decay": 1e-05,
  "patience": 25,
  "memory_efficient": false,
  "accumulation_steps": 2,
  "timestamp": "2025-11-02T20:23:36.467649Z",
  "training_losses": [
    2.118237018585205,
    1.3869771510362625,
    1.1579706370830536,
    0.8756014108657837,
    1.3046458065509796,
    1.013700470328331,
    0.8288064748048782,
    0.9791959524154663,
    0.7431800067424774,
    0.7717296332120895,
    0.6892056316137314,
    0.693909615278244,
    0.6410627514123917,
    0.6142088174819946,
    0.6210373640060425,
    0.6152305603027344,
    0.612371027469635,
    0.6054181307554245,
    0.5956593006849289,
    0.6180660128593445,
    0.596590206027031,
    0.6218344569206238,
    0.6009780913591385,
    0.5956918597221375,
    0.6171858310699463,
    0.5823191553354263,
    0.5758547633886337,
    0.5956364721059799,
    0.5902833044528961,
    0.5649383515119553,
    0.5764225274324417,
    0.5650880634784698,
    0.5649553090333939,
    0.5863502472639084,
    0.5510759502649307,
    0.5552559196949005,
    0.5656591057777405,
    0.556035965681076,
    0.5571947395801544,
    0.5705969482660294,
    0.5406181663274765,
    0.5389162749052048,
    0.5372095853090286,
    0.5329178720712662,
    0.5556702315807343,
    0.5449071973562241,
    0.5450356006622314,
    0.5368340313434601,
    0.5279940143227577,
    0.5750665813684464,
    0.5456297546625137,
    0.5540269464254379,
    0.5292125642299652,
    0.5209283828735352,
    0.5277609378099442,
    0.5220438241958618,
    0.5208290368318558,
    0.5263998657464981,
    0.5190448462963104,
    0.5126160085201263,
    0.5164462327957153,
    0.5055759102106094,
    0.5120249539613724,
    0.5034779235720634,
    0.5029611364006996,
    0.49800480902194977,
    0.5015622675418854,
    0.5000124648213387,
    0.49652494490146637,
    0.49757350981235504,
    0.4985240399837494,
    0.4940579980611801,
    0.489701583981514,
    0.4964422211050987,
    0.4925266057252884,
    0.48605789989233017,
    0.49325423687696457,
    0.4833507463335991,
    0.48486094921827316,
    0.4861079677939415,
    0.4858425185084343,
    0.46193401515483856,
    0.46625199913978577,
    0.4653906598687172,
    0.45582836121320724,
    0.46945903450250626,
    0.4659869819879532,
    0.47139524668455124,
    0.45756132900714874,
    0.46225520223379135,
    0.45704081654548645,
    0.45501335710287094,
    0.4474955052137375,
    0.4546787366271019,
    0.4507979154586792,
    0.44454583525657654,
    0.44987062364816666,
    0.44230641424655914,
    0.44368528574705124,
    0.44407374411821365,
    0.4467003867030144,
    0.4382134899497032,
    0.4401405230164528,
    0.43703199177980423,
    0.4420206993818283,
    0.4412619546055794,
    0.4358418434858322,
    0.43621325492858887,
    0.43675100058317184,
    0.4326026514172554,
    0.43174199759960175,
    0.4337068945169449,
    0.4290083199739456,
    0.43765993416309357,
    0.4296359121799469,
    0.43714285641908646,
    0.43310192972421646,
    0.431727759540081,
    0.42601682245731354,
    0.4361545518040657,
    0.43174323439598083,
    0.42922861874103546,
    0.4253869876265526,
    0.4290946200489998,
    0.4288184344768524,
    0.42396102100610733,
    0.42494023591279984,
    0.42702116072177887,
    0.42289818078279495,
    0.43187421560287476,
    0.4303438141942024,
    0.43128205090761185,
    0.43037305772304535,
    0.42303307354450226,
    0.4269804432988167,
    0.4316691905260086,
    0.4323013052344322,
    0.41858861595392227,
    0.43012967705726624,
    0.4337703138589859,
    0.42911314219236374,
    0.42039822041988373,
    0.42215511202812195,
    0.4248596653342247,
    0.4269358217716217,
    0.4313308075070381,
    0.4265214279294014,
    0.42543069273233414,
    0.42505742609500885,
    0.4269469678401947,
    0.4211055785417557,
    0.42082199454307556
  ],
  "val_mse_losses": [
    1.6444922244910036,
    1.1161200629340278,
    1.0256447223701861,
    1.1471582894373422,
    0.9996718589705651,
    0.8633275195805714,
    0.9406183416193181,
    0.6963009304470487,
    0.7829065188012942,
    0.6331356780697601,
    0.711653121794113,
    0.5955832741477273,
    0.6141701129951862,
    0.5942570541844223,
    0.6054515183574021,
    0.6006247472281407,
    0.6258032904730902,
    0.59949775464607,
    0.6253241644965277,
    0.588721011383365,
    0.6667555067274306,
    0.5882004863083965,
    0.5719441731770833,
    0.6455374669547033,
    0.5914863355232007,
    0.5739189995659721,
    0.6221568406230271,
    0.6033610026041667,
    0.5660712039831913,
    0.6225594876992582,
    0.566059675120344,
    0.5646191529553346,
    0.6121364709102746,
    0.5569251782966382,
    0.5546140112058081,
    0.5795457319779829,
    0.5553878013533775,
    0.5418282865273831,
    0.5730074795809659,
    0.5709705391315498,
    0.5528492320667614,
    0.5338791972458965,
    0.5639477045849116,
    0.5945255780460859,
    0.5650838832662564,
    0.5878818396366003,
    0.5610429860124684,
    0.563575605912642,
    0.5600807575264362,
    0.5445972172900884,
    0.5964042586509628,
    0.5591708404849274,
    0.564122024690262,
    0.5316265684185606,
    0.5351967243233112,
    0.5628658410274621,
    0.5158526796283144,
    0.5291696875986427,
    0.5295915083451705,
    0.5183780708698311,
    0.5185779918323863,
    0.5220914281979956,
    0.5342204700816762,
    0.5192827783449732,
    0.5236932927911933,
    0.503887245871804,
    0.5170029919556898,
    0.49461841005267515,
    0.5061421712239583,
    0.4962131076388889,
    0.4771867848405934,
    0.4964999420474274,
    0.5217713018860479,
    0.4920538391729798,
    0.5161294956399937,
    0.48266213156960225,
    0.4910420581547901,
    0.49371384129379736,
    0.4889507255168876,
    0.4872158320263179,
    0.4857266204525726,
    0.484896064527107,
    0.4637121643682923,
    0.46580735023575603,
    0.4782545301649306,
    0.47733456390072604,
    0.474661224056976,
    0.47012182678839176,
    0.4704329827819208,
    0.4481085574988163,
    0.47005622940834124,
    0.46403356995245426,
    0.44828913524897407,
    0.46390010949337124,
    0.4698593602035985,
    0.45050420279454706,
    0.46147775361032195,
    0.45637407399187185,
    0.4584972959576231,
    0.4616698910491635,
    0.4534756438900726,
    0.45116634176235004,
    0.4330782495363794,
    0.4336977409593987,
    0.4573183156023122,
    0.4404027611318261,
    0.4617970322117661,
    0.4428355977992819,
    0.4334312053641888,
    0.45654199773615056,
    0.44360453287760415,
    0.43606989696772414,
    0.4218068749013573,
    0.44797327831538036,
    0.442516334610756,
    0.4425269232855903,
    0.44240281846788193,
    0.4374103892933239,
    0.4488146849352904,
    0.43785361858329386,
    0.45187684646760573,
    0.4426661481760969,
    0.4394207270458491,
    0.4411429357047033,
    0.43851941041272097,
    0.43219582914101956,
    0.4176088891848169,
    0.43572255144215594,
    0.45011055686257107,
    0.44377217918935447,
    0.449668144457268,
    0.43857579086766096,
    0.44761549824416036,
    0.43964389068911774,
    0.4386795043945313,
    0.4314335216175426,
    0.4282061181887232,
    0.42743144950481377,
    0.4418146460947364,
    0.43226193514737216,
    0.44635657108191285,
    0.4365383726177794,
    0.44785267223011366,
    0.42980399083609533,
    0.44043064310093116,
    0.43764341720426925,
    0.4383222946012863,
    0.4190303455699574,
    0.44230423744278724,
    0.4333904536083491,
    0.42702496461193973,
    0.4385803530914615
  ],