{
  "seed": 42,
  "num_views": 5,
  "token_dim": 5,
  "num_buses": 30,
  "device": "cuda",
  "epochs": 1500,
  "embed_dim": 128,
  "num_layers": 6,
  "batch_size": 128,
  "mask_ratio": 0.75,
  "lr": 0.0001,
  "weight_decay": 1e-05,
  "patience": 25,
  "memory_efficient": false,
  "accumulation_steps": 2,
  "timestamp": "2025-11-03T19:35:09.834179Z",
  "training_losses": [
    0.7904858604073525,
    0.5319707242771983,
    0.44415662717074145,
    0.406373261846602,
    0.37328887414187195,
    0.3291650705039502,
    0.2955766825005412,
    0.2609647242352366,
    0.22878285497426976,
    0.19317177738994362,
    0.16979401046410203,
    0.15542905637994414,
    0.14479070696979768,
    0.13627607999369504,
    0.12801510752178727,
    0.12210048302076754,
    0.11294290171936154,
    0.1076367573346943,
    0.10108028687536719,
    0.09486803319305184,
    0.09111754316836596,
    0.08632147042080762,
    0.08328885696828364,
    0.07957484992220998,
    0.07698685340583324,
    0.07428417797200383,
    0.0715896490495652,
    0.06969878810923548,
    0.06754163440782575,
    0.06489374812226742,
    0.06308733837213366,
    0.06101203996222465,
    0.06043590009212493,
    0.05890749937389048,
    0.05730703854933381,
    0.05653409615624695,
    0.05488336221314965,
    0.05390933398157359,
    0.05361225304659455,
    0.05187487255316226,
    0.05035379950422794,
    0.04892548732459545,
    0.049118557688780144,
    0.048095034598372874,
    0.047803728072904034,
    0.046452415804378686,
    0.045797083247452984,
    0.044908284279517825,
    0.0441520066931844,
    0.04348748498596252,
    0.043661101325415064,
    0.04343059393577278,
    0.042461971868760884,
    0.041784393531270315,
    0.04115704386495054,
    0.040983913862146434,
    0.04048440360929816,
    0.039195082127116615,
    0.03918272841256113,
    0.0383626059629023,
    0.03793195440666751,
    0.03753228259738534,
    0.03724954545032234,
    0.03735072627896444,
    0.036432270961813625,
    0.036768354277592154,
    0.03587307094130666,
    0.03628568348940463,
    0.035319849196821455,
    0.035230754071380946,
    0.03521462812786922,
    0.03463006244273857,
    0.03392119255149738,
    0.033708013698924316,
    0.03428712106542662,
    0.033383308281190696,
    0.033760350581724184,
    0.033474214910529564,
    0.03179464354179799,
    0.032048265996854744,
    0.03216063863364981,
    0.032343539909925306,
    0.03190842566546052,
    0.03196915956214069,
    0.03186919356230646,
    0.03180225527612492,
    0.03084423645632342,
    0.030517833470366892,
    0.030297703843098128,
    0.030019300687126806,
    0.03038593225646764,
    0.02990571843693033,
    0.029594458523206416,
    0.028966550622135396,
    0.02914589847205207,
    0.029131737956777214,
    0.028777008887846026,
    0.028523082903120656,
    0.02869649463100359,
    0.02871469585224986,
    0.028435572015587236,
    0.02791237416677177,
    0.027886806288734082,
    0.027209464088082308,
    0.026418834691867236,
    0.025834537530317902,
    0.025806757295504214,
    0.02546235485933721,
    0.025340352056082347,
    0.025221953052096065,
    0.0251184073393233,
    0.025308555632364015,
    0.025571128888986994,
    0.025024383852723986,
    0.02481433486100286,
    0.024473111762199545,
    0.024981913284864272,
    0.024599974963348353,
    0.024409869313240053,
    0.024490935180801903,
    0.024518132570665332,
    0.02416765823727473,
    0.02431780137121678,
    0.024484419508371495,
    0.023921228165272635,
    0.02393156901234761,
    0.024136074597481637,
    0.02386370780877768,
    0.023723845183849342,
    0.02402570092817768,
    0.023432523035444318,
    0.023536153405439113,
    0.02356124832294881,
    0.02332272364292294,
    0.023151339415926488,
    0.02355654463171959,
    0.02311743536265567,
    0.02277893534628674,
    0.023469357856083662,
    0.02334242078941316,
    0.022800115682184697,
    0.023272728349547828,
    0.022422440408263355,
    0.022955807740800086,
    0.022765074332710356,
    0.02299201126443222,
    0.02228749906644225,
    0.022612931823823602,
    0.022186479833908382,
    0.022881105984561147,
    0.02244276044657454,
    0.022605115897022188,
    0.02196457255631686,
    0.022326040139887475,
    0.021422275423537942,
    0.022082112182397393,
    0.021347256435547027,
    0.021615212305914615,
    0.021717877616174518,
    0.021763072232715786,
    0.021801986824721096,
    0.02174447313882411,
    0.021720241010189052,
    0.021371065906714653,
    0.021611588750965895,
    0.021645635308232165,
    0.021601759304758165,
    0.021358845313079654,
    0.021594768029171978,
    0.02083464899333194,
    0.021094853302929553,
    0.021134627063293006,
    0.02137729645473883,
    0.02104849914321676,
    0.0208276015589945,
    0.020902041089721032,
    0.019957844296004622,
    0.019723898568190634,
    0.019592306576669216,
    0.019737924239598217,
    0.019922727730590853,
    0.019835135713219643,
    0.020121022360399362,
    0.01975631865207105,
    0.01977844074135647,
    0.019941865210421378,
    0.019879339536419145,
    0.01978845098637975,
    0.01966407627332956,
    0.01972763220546767,
    0.019151465001050385,
    0.018976996699348096,
    0.018976699595805262,
    0.019244933745358135,
    0.01898466888233088,
    0.01869572091964074,
    0.018804561597062282,
    0.018885531305568304,
    0.019021627999609332,
    0.018949877528939396,
    0.01903856064891442,
    0.01925742343300953,
    0.0188860509544611,
    0.01895906442659907,
    0.018595944024855263,
    0.018614477693336084,
    0.01874059296678752,
    0.018910260265693063,
    0.01882108388235793,
    0.018688823463162408,
    0.018699892045697206,
    0.019116463855607432,
    0.01874067182652652,
    0.0186758860014379,
    0.018729002529289572,
    0.018583873996976762,
    0.018987571389880036,
    0.01903674361528829,
    0.018846410268452015,
    0.018399368331301957,
    0.018849003023933626,
    0.018727031711023304,
    0.018705917423358184,
    0.01872162410290912,
    0.018233967205742375,
    0.018716397380921988,
    0.01832444593892433,
    0.018209320522146293,
    0.018652281281538306,
    0.018474036373663696,
    0.018252136412775146,
    0.018586678622523323,
    0.018247900786809622,
    0.01832465915358625,
    0.01819905275478959,
    0.018383057776372884,
    0.01814277513185516,
    0.01831556605175138,
    0.01785253155976534,
    0.018444665829883893
  ],