{
  "seed": 42,
  "num_views": 8,
  "token_dim": 5,
  "num_buses": 30,
  "device": "cuda",
  "epochs": 1500,
  "embed_dim": 128,
  "num_layers": 6,
  "batch_size": 80,
  "mask_ratio": 0.75,
  "lr": 0.0001,
  "weight_decay": 1e-05,
  "patience": 25,
  "memory_efficient": true,
  "accumulation_steps": 2,
  "timestamp": "2025-11-02T20:59:18.517548Z",
  "training_losses": [
    2.052226275205612,
    2.869861029088497,
    1.3731082081794739,
    1.0553363934159279,
    1.5937803015112877,
    1.3122218400239944,
    1.388488084077835,
    0.75394406914711,
    0.9746332578361034,
    0.9675209820270538,
    0.737075537443161,
    1.091580342501402,
    0.896638173609972,
    0.5900523997843266,
    0.7974689714610577,
    0.6896283440291882,
    0.6157428799197078,
    0.6297391392290592,
    0.795817892998457,
    0.6579566225409508,
    0.5799174569547176,
    0.4780750945210457,
    0.5179573763161898,
    0.661098301410675,
    0.6587452702224255,
    0.5742274206131697,
    0.6570522300899029,
    0.5650580991059542,
    0.676126379519701,
    0.44922501500695944,
    0.5324416980147362,
    0.5249226149171591,
    0.593698687851429,
    0.5243890043348074,
    0.6435830537229776,
    0.49286843836307526,
    0.49975978024303913,
    0.4271298171952367,
    0.5696426536887884,
    0.5354199782013893,
    0.6658978760242462,
    0.6099440194666386,
    0.6854539774358273,
    0.593523446470499,
    0.5372880920767784,
    0.5243725944310427,
    0.6540127657353878,
    0.6786130666732788,
    0.5272178985178471,
    0.8194643184542656,
    0.5334667675197124,
    0.56174136698246,
    0.5112489834427834,
    0.6813811399042606,
    0.41257943119853735,
    0.554410494863987,
    0.5925477296113968,
    0.36870209500193596,
    0.7415475025773048,
    0.6039040461182594,
    0.5303568243980408,
    0.4282288271933794,
    0.42495892383158207,
    0.570522690191865,
    0.5637318249791861,
    0.7158711962401867,
    0.6799161322414875,
    0.5228283498436213,
    0.4511313047260046,
    0.5166026297956705,
    0.41533941216766834,
    0.43885017186403275,
    0.45287028327584267,
    0.6585741974413395,
    0.3578041414730251,
    0.45996309258043766,
    0.49078972823917866,
    0.4761618822813034,
    0.743062786757946,
    0.6195742879062891,
    0.35068033542484045,
    0.4787237700074911,
    0.5084167551249266,
    0.5442820452153683,
    0.40010729990899563,
    0.6576241459697485,
    0.5127046909183264,
    0.40651015006005764,
    0.4059918913990259,
    0.5582609958946705,
    0.5391012188047171,
    0.410989198833704,
    0.5278571005910635,
    0.5147151183336973,
    0.4365048911422491,
    0.4687704090029001,
    0.718248650431633,
    0.4630891140550375,
    0.5939945857971907,
    0.5355880428105593,
    0.4152953773736954,
    0.45258060097694397,
    0.5037369895726442,
    0.5570477563887835,
    0.488217543810606,
    0.6534044835716486,
    0.39413375221192837,
    0.520718714222312,
    0.401317585259676,
    0.44914480298757553,
    0.51841657795012,
    0.6139166224747896,
    0.5080210193991661,
    0.4767004568129778,
    0.4014801196753979,
    0.4466824419796467,
    0.5495168529450893,
    0.35288448072969913,
    0.4973893854767084,
    0.47864512167871,
    0.4817853011190891,
    0.4184240158647299
  ],
  "val_mse_losses": [
    4.289997370556147,
    1.3193505316069631,
    1.1396244607790553,
    1.9008511437310114,
    0.9364324338508374,
    1.3401461514559658,
    1.0832594669226445,
    0.8890798260467221,
    1.1067401038275824,
    0.6879290522951069,
    0.845658687630085,
    0.8363973925812077,
    0.6432265850028607,
    0.8402035742095021,
    0.6252218015266188,
    0.6920396775910349,
    0.6167185234301019,
    0.7015170087718,
    0.6028585193133112,
    0.6509603876056094,
    0.5596027470598317,
    0.6594951851199372,
    0.595348945771805,
    0.6278875187189892,
    0.5606618264708856,
    0.6346854778251263,
    0.5888469243290448,
    0.626237113066394,
    0.6193091652610085,
    0.5832231117017341,
    0.5767699347601997,
    0.5719978640777895,
    0.5431998907917678,
    0.5607864061991374,
    0.5490364691223761,
    0.5973438927621553,
    0.5623291767004764,
    0.5919192969196975,
    0.6302265398430101,
    0.5729613063311336,
    0.5863873356520528,
    0.5831221619037668,
    0.55059684888281,
    0.5667365054891567,
    0.5752763796334315,
    0.5767945039151895,
    0.5400883453060882,
    0.5443102807709665,
    0.5909345752061016,
    0.5677410472523082,
    0.5433412031693892,
    0.5677728315796515,
    0.6083919688908741,
    0.5636689879677512,
    0.5406697350318985,
    0.5516899812101114,
    0.5639055280974417,
    0.5466219391485657,
    0.5435376119131994,
    0.547362086748836,
    0.5500979664349798,
    0.5473698847221605,
    0.5762767117432873,
    0.5878046979807844,
    0.5690760419826315,
    0.5388235275191491,
    0.5351825579248294,
    0.5430911767362344,
    0.5443857751711451,
    0.5528233027217364,
    0.5185456516766789,
    0.5601003338592221,
    0.5282907534127284,
    0.52253003072257,
    0.5289616151289507,
    0.5386149425699254,
    0.5369822232410162,
    0.5362501288905288,
    0.526652774425468,
    0.5411712617585154,
    0.5483821473940454,
    0.5439057205662583,
    0.517556450583718,
    0.5207478301693695,
    0.5129498809275002,
    0.5340356007970944,
    0.5320583353138935,
    0.5498858605972445,
    0.534889240457554,
    0.5505465979527945,
    0.5370488118643713,
    0.5381471267854324,
    0.5122850350659303,
    0.5182862378130055,
    0.5304991163388647,
    0.5342811382178104,
    0.501488102806939,
    0.5290772071992508,
    0.5483776053997002,
    0.528246450905848,
    0.5074384140245842,
    0.5310799906952213,
    0.5342844616283071,
    0.5399646855363942,
    0.5245721942246563,
    0.5463064800609242,
    0.5199895772066983,
    0.536707179714935,
    0.5252912068607831,
    0.5209685913240066,
    0.5044171304413767,
    0.5212649817418571,
    0.52500930940262,
    0.5216622689757684,
    0.5097552646290171,
    0.5141984332691539,
    0.5282808843285146,
    0.5188072907804238,
    0.5198924421059965,
    0.50789957335501,
    0.5261939462989267,
    0.5328393415971235
  ],