{
  "seed": 42,
  "num_views": 30,
  "token_dim": 5,
  "num_buses": 30,
  "device": "cuda",
  "epochs": 1500,
  "embed_dim": 128,
  "num_layers": 6,
  "batch_size": 21,
  "mask_ratio": 0.75,
  "lr": 0.0001,
  "weight_decay": 1e-05,
  "patience": 25,
  "memory_efficient": true,
  "accumulation_steps": 2,
  "timestamp": "2025-11-02T22:37:29.882912Z",
  "training_losses": [
    1.1265705359975497,
    0.6652382451295853,
    0.6078743781149386,
    0.5713458705941835,
    0.5708483586211999,
    0.5492570011814436,
    0.5310429154336452,
    0.5026651231447855,
    0.4798433133463065,
    0.4500692367553711,
    0.4389162528018157,
    0.4436947245399157,
    0.42371814370155325,
    0.42132375344634065,
    0.4077013183633486,
    0.4087980303168296,
    0.3977631955345472,
    0.3946354305744172,
    0.38603978032867114,
    0.3784711848199367,
    0.35739856156210104,
    0.3516064077615738,
    0.345436863899231,
    0.3345165474712849,
    0.33191002259651825,
    0.3176302710920572,
    0.3054173650344213,
    0.29758819907903666,
    0.28912498936057085,
    0.2732808047284682,
    0.2765639101713896,
    0.2619048342357079,
    0.2615686875085036,
    0.2489530435204506,
    0.24377693933745226,
    0.22651959879944722,
    0.2246790978809198,
    0.21068824946880338,
    0.20473821540673573,
    0.1965721347182989,
    0.19140469511349995,
    0.18247363574802877,
    0.1784502252067129,
    0.17375932928174737,
    0.1701973584294319,
    0.16387109203885,
    0.1611441329369942,
    0.1553896262993415,
    0.15680360537022348,
    0.15299075330297154,
    0.14710549622774122,
    0.14839120866109928,
    0.14643779326230288,
    0.1435012627951801,
    0.13958599142730233,
    0.13755076315253972,
    0.13755206828316055,
    0.13644287150353193,
    0.13076726175844672,
    0.13023680055513978,
    0.1261256013686458,
    0.12396513643364108,
    0.12453382433702549,
    0.12418660610914231,
    0.12029569692909718,
    0.11709094181656836,
    0.11811694907645383,
    0.11740395716081062,
    0.11384187539418537,
    0.11123136892914771,
    0.11469812827805678,
    0.10793624294921755,
    0.10689727101475,
    0.10745215548823277,
    0.10596452449758849,
    0.10395447821045915,
    0.1030933096197744,
    0.10209346721569697,
    0.10210671715438366,
    0.10098580500110983,
    0.09770548906177283,
    0.09710558556641141,
    0.09614916859194636,
    0.09722979679703711,
    0.09233127192904553,
    0.0927745188648502,
    0.09186080267652871,
    0.09614936735481026,
    0.09302298036093513,
    0.09398436820134522,
    0.08876731532315414,
    0.0876636133963863,
    0.0862289960992833,
    0.08465165645504992,
    0.08345102936650317,
    0.08637916769832374,
    0.08968790503218768,
    0.08601976451153556,
    0.08066746445993583,
    0.08160730166981617,
    0.08076719441140691,
    0.08044789082681139,
    0.07820824005330602,
    0.07806828691313664,
    0.07638344552367926,
    0.07485236660887798,
    0.07404325453564525,
    0.07407888625127575,
    0.07563337710375585,
    0.07330973348580301,
    0.07331124884386857,
    0.07086801254500945,
    0.07062950541575751,
    0.06896199847261111,
    0.07222856943806011,
    0.07051845967769624,
    0.06689289750220875,
    0.06719547729007899,
    0.06685546306582787,
    0.0679960319896539,
    0.06524238771138093,
    0.06466727267640332,
    0.06199140815995635,
    0.06498923614931604,
    0.06411743600542348,
    0.06145941456469398,
    0.06159865882868568,
    0.06125028091172376,
    0.059799488376205176,
    0.06066966733274361,
    0.06035935833118857,
    0.05972200017732878,
    0.058594610836977756,
    0.058108502492929516,
    0.058362467645977925,
    0.05709963760649165,
    0.056976316059008235,
    0.05575814304873348,
    0.05660496213783821,
    0.056544848727062356,
    0.05478229184945425,
    0.05595564724877476,
    0.055471019940450804,
    0.05667919561577339,
    0.05438862112350762,
    0.054690610542893404,
    0.055639497044806675,
    0.05461418417282402,
    0.05206210200985273,
    0.051618726179003725,
    0.049736641139412924,
    0.05101577673728267,
    0.049761235009257984,
    0.048905559793735544,
    0.04858894475735724,
    0.04857370406389236,
    0.04772371289941173,
    0.049215992673610647,
    0.04874178412059943,
    0.049252561694011085,
    0.04798422158074877,
    0.04896788373434295,
    0.046829905423025286,
    0.04626684756949544,
    0.04616741554501157,
    0.046623329352587464,
    0.046559636828800044,
    0.04560041399672628,
    0.04685738121469816,
    0.04606810472595195,
    0.045465359246979156,
    0.04612552079992989,
    0.045926953706269466,
    0.04663051104483505,
    0.04501840319484472,
    0.04480932000714044,
    0.0464172859241565,
    0.044373509933551145,
    0.04528205193889638,
    0.04428342123360683,
    0.04422745221760124,
    0.045383550028006245,
    0.044174863674367466,
    0.04561617911793292,
    0.04448474515229464,
    0.04453811218962074,
    0.04282032273088892,
    0.043469832008704544,
    0.04344243094014624,
    0.04380820142415663,
    0.04481761703267694,
    0.04397923016610246,
    0.04343264854513108,
    0.04322709893186887,
    0.04347531093594927,
    0.04340172206362088,
    0.0430702692642808,
    0.043260497289399305,
    0.04279745138560733,
    0.043210730676849676
  ],