{
  "seed": 42,
  "num_views": 20,
  "token_dim": 5,
  "num_buses": 30,
  "device": "cuda",
  "epochs": 1500,
  "embed_dim": 128,
  "num_layers": 6,
  "batch_size": 32,
  "mask_ratio": 0.75,
  "lr": 0.0001,
  "weight_decay": 1e-05,
  "patience": 25,
  "memory_efficient": true,
  "accumulation_steps": 2,
  "timestamp": "2025-11-02T21:57:35.741001Z",
  "training_losses": [
    1.237013490154193,
    0.7552821452801044,
    0.6190001013187262,
    0.5912149744538161,
    0.5746935453552466,
    0.5590997423116978,
    0.5453697039530827,
    0.5345425656208624,
    0.5337803973601415,
    0.51655730089316,
    0.4882221809946575,
    0.4631358226904503,
    0.456562340259552,
    0.44220800227843793,
    0.43413325490859833,
    0.43397195522601795,
    0.4194624086985221,
    0.4303010322726691,
    0.42636546675975506,
    0.4116936426896315,
    0.407728562446741,
    0.40617365241050724,
    0.4090517152960484,
    0.39904725070183095,
    0.3951106045108575,
    0.38175758822606165,
    0.37935398587813735,
    0.3692947410620176,
    0.36140863528618444,
    0.3546494691417767,
    0.3499816831487876,
    0.3391411118782483,
    0.3418855166205993,
    0.32564669102430344,
    0.32481840562361936,
    0.31305460064457014,
    0.30315444692969323,
    0.2982207876558487,
    0.29368264669409166,
    0.28665407620943506,
    0.27841702063496293,
    0.26957543205756407,
    0.26663796127988737,
    0.25685319499327586,
    0.2550628493038508,
    0.24649790771878685,
    0.24014465499382753,
    0.23756463957520632,
    0.23498223618819164,
    0.22481855583878663,
    0.21792349093235452,
    0.21306084537735354,
    0.20726700109931137,
    0.1967553813297015,
    0.19043905947070852,
    0.18803559306722423,
    0.17819411654311879,
    0.17951244717607132,
    0.17491319752656498,
    0.17097333532113293,
    0.1638748417393519,
    0.16469954719337132,
    0.16482300211030704,
    0.1578227118230783,
    0.157055315002799,
    0.15488396447438463,
    0.15199215948008574,
    0.147782912506507,
    0.1473476530267642,
    0.14661813025864273,
    0.14720225649384353,
    0.14193217903375624,
    0.14168097626131315,
    0.14113675029231956,
    0.1385037217862331,
    0.13696017437256297,
    0.1333077032978718,
    0.13358848367172937,
    0.13319520807036983,
    0.13205514667698967,
    0.12928534565636743,
    0.12875949468177098,
    0.12580703451083258,
    0.12639135314294925,
    0.12150422649887894,
    0.1193793805745932,
    0.12236761221518881,
    0.11718307644701921,
    0.11642376330609504,
    0.1185382188226168,
    0.11634114315876595,
    0.11425008977261873,
    0.11405377774857559,
    0.11159281160395881,
    0.1112393304419059,
    0.11122947272199853,
    0.10755445712174362,
    0.10786975175142288,
    0.10328022500929923,
    0.10669386821010937,
    0.10339922192864694,
    0.10642503491387918,
    0.10601480047290142,
    0.10204156842082741,
    0.10087889210822489,
    0.10128287622848384,
    0.09987089320157581,
    0.09924061966057009,
    0.09956688405229495,
    0.09912612055643245,
    0.09684153874046528,
    0.09633734656067995,
    0.09442413734415406,
    0.0930936120163936,
    0.0955763489437791,
    0.09400694225556576,
    0.09259200339707044,
    0.09095503437117888,
    0.09234908393655832,
    0.09226276524938072,
    0.08820770600667366,
    0.08634706120938063,
    0.08863136708163298,
    0.08678164788736747,
    0.08903027764306619,
    0.08627459911199717,
    0.08559999411495832,
    0.08450097642265833,
    0.08122654693344464,
    0.08121396989489978,
    0.08471985313181694,
    0.08493496451813441,
    0.08026784538076474,
    0.07801320496946573,
    0.07683589740727956,
    0.0760487678818978,
    0.07595728925214364,
    0.07382637871286045,
    0.07586801070719956,
    0.07539658003415052,
    0.0746459976841624,
    0.07432982083410025,
    0.0746334410057618,
    0.0723324401017565,
    0.07344698934600905,
    0.07356941295930973,
    0.07348479950943818,
    0.07292439742730213,
    0.0710947980531133,
    0.07184032879483242,
    0.07274511049573237,
    0.07409820671264943,
    0.07425428180453869,
    0.0707877941429615,
    0.07023892889802273,
    0.0724759143562271,
    0.07195177519550691,
    0.07066225528430481,
    0.07137754540890454,
    0.07155255203923352,
    0.0706415472122339,
    0.06956023682768528,
    0.06859086226098814,
    0.06875239587747134,
    0.06863000120681065,
    0.06708644926548005,
    0.06871183975957908,
    0.06878501278563189,
    0.06963144414699994,
    0.06868958857197029,
    0.06733053932682827,
    0.0686122766480996,
    0.06746408853393335,
    0.06765542848465535,
    0.06511054464544243,
    0.0668126832980376,
    0.06465706714930441,
    0.06414739238814665,
    0.06363671050908473,
    0.06248038378185951,
    0.06435974655816189,
    0.06438995853353005,
    0.06579090230740034,
    0.0639934137177009,
    0.06464209526490708,
    0.0628892116391888,
    0.06467201431783345,
    0.06216914754074354,
    0.06316355389471237,
    0.06270865775071659,
    0.06420281105316603,
    0.06430188489074891,
    0.06340487209650186,
    0.0635879773933154,
    0.06270737510461075,
    0.06286540871056227,
    0.06342871169058176,
    0.0626416059067616,
    0.06081171627514637,
    0.06123662184064205,
    0.06095546108598892,
    0.062168088985177186,
    0.05939297034190252,
    0.060888217203319085,
    0.06100747954960052,
    0.05977098817149034,
    0.061502999876840755,
    0.06108857454875341,
    0.06062349230051041,
    0.05954604317935613,
    0.061061840905592996,
    0.060630952337613474,
    0.061448688934055654,
    0.06150599814091737,
    0.06112739031131452,
    0.06011414131006369,
    0.0615221040036816,
    0.05976953047972459,
    0.061636660362665456,
    0.0592001072059457,
    0.05761387517245916,
    0.059881801545046846,
    0.06086834937047499,
    0.05893437789323239,
    0.060809286669469796,
    0.05848830872430252,
    0.05941016269991031,
    0.05998258390105688,
    0.06003007109348591,
    0.058155624554134325,
    0.05972625987174418,
    0.058889509615703266,
    0.05941115925804926,
    0.05967591535300016,
    0.058693341438013774,
    0.058245792239904406,
    0.059604453238157114,
    0.058909003651486,
    0.05992871972803886,
    0.05969267077744007,
    0.05854468666590176,
    0.05928450104995416,
    0.059083147232349115,
    0.05763110481202603,
    0.057759097075233086
  ],