{
  "seed": 42,
  "num_views": 40,
  "token_dim": 5,
  "num_buses": 30,
  "device": "cuda",
  "epochs": 1500,
  "embed_dim": 128,
  "num_layers": 6,
  "batch_size": 16,
  "mask_ratio": 0.75,
  "lr": 0.0001,
  "weight_decay": 1e-05,
  "patience": 25,
  "memory_efficient": true,
  "accumulation_steps": 2,
  "timestamp": "2025-11-05T18:36:37.010040Z",
  "training_losses": [
    0.481285107407638,
    0.2347884541809105,
    0.13522941986580164,
    0.09992862975673059,
    0.07596015477777114,
    0.06299855815943811,
    0.054565528761760795,
    0.04806966903248407,
    0.04371910232933938,
    0.04077402962646327,
    0.03802634171183594,
    0.03535424164090862,
    0.0337943699768849,
    0.031848008240549196,
    0.030642248676443207,
    0.028999676180592925,
    0.028070005774773553,
    0.027131902536145863,
    0.02638815386265358,
    0.025070561927396977,
    0.024365048430776484,
    0.0236810550352428,
    0.022817300596018192,
    0.022659893172193343,
    0.02202703617239937,
    0.021555070881410336,
    0.02067116195955028,
    0.020694167535895328,
    0.020182590561467043,
    0.0196976084113571,
    0.019280032570156057,
    0.019025494537846226,
    0.018574088930172566,
    0.018260763009552722,
    0.01799689511978848,
    0.017831676593566995,
    0.017444918186716545,
    0.01713014834960446,
    0.016861123251990465,
    0.016632218351353447,
    0.016228269664451282,
    0.01625172860538807,
    0.01591623485700503,
    0.015833385285558145,
    0.015564490381696707,
    0.015215370977431518,
    0.015053494924682153,
    0.01502661683201273,
    0.014765146715578926,
    0.014651546961512177,
    0.01450099028143857,
    0.01456747334976304,
    0.01412606979595155,
    0.014064920350796267,
    0.014010964437694189,
    0.013783083497342263,
    0.013603620881102662,
    0.01353094948553738,
    0.013421139337606476,
    0.013062614913379095,
    0.013211838579086838,
    0.013109418908049132,
    0.012976394234768422,
    0.012564327566151069,
    0.012623404369931085,
    0.012501112451979837,
    0.012805720885455082,
    0.012263189627021122,
    0.012440311474127682,
    0.012081977628682102,
    0.011978191506249378,
    0.0119514776327527,
    0.011942371132960854,
    0.011795037313634477,
    0.011804877698060524,
    0.011680294260673345,
    0.011767269098668322,
    0.011361628532234248,
    0.01131492583333703,
    0.01134457265618587,
    0.011196929484691205,
    0.0110077565501805,
    0.011122500363239534,
    0.01108162751786653,
    0.011070829341155927,
    0.01070842153899725,
    0.010720525379901131,
    0.010556728880991616,
    0.010699513165672409,
    0.0106425795664288,
    0.010366751612896555,
    0.010594288528590559,
    0.010414221216084093,
    0.01026868687596362,
    0.01031588000700951,
    0.010228469285205157,
    0.010113451859653847,
    0.010105984512472212,
    0.009972870128809735,
    0.010089881888901208,
    0.009793631083442675,
    0.009935079435613538,
    0.009845488277115606,
    0.009855253058331844,
    0.009730917289295128,
    0.009631479690616025,
    0.0097936288070639,
    0.00968484861143182,
    0.009398171157255605,
    0.009400796489039232,
    0.009443091844044127,
    0.009469927521238816,
    0.008089247342526067,
    0.007934707328701282,
    0.007933128257510545,
    0.007974655757769782,
    0.007863311275012726,
    0.007954967567165383,
    0.007690467720994128,
    0.007804353686589868,
    0.007694868742386374,
    0.0077133703887319344,
    0.007653326131780017,
    0.0075564066031020075,
    0.007597157048774214,
    0.007644944336757622,
    0.0070764541204631146,
    0.00691478354450526,
    0.006995073729097107,
    0.006974123216814392,
    0.0069148344540391265,
    0.006877541266961749,
    0.006846260279830341,
    0.006816287976928447,
    0.006823521648100592,
    0.006830659701594076,
    0.006768798398926735,
    0.006633942897429947,
    0.006730144520773992,
    0.0067421506350220295,
    0.006706264773028984,
    0.006717025921079591,
    0.006727245540316333,
    0.006718400740417141,
    0.006689667656194081,
    0.006708823665922567,
    0.006594210423863701,
    0.006598018868053671,
    0.006605624249519565,
    0.006611929720768671,
    0.006531090954000857,
    0.006563655923367969,
    0.0065441111086971485,
    0.006556348723256763,
    0.006547536407991149,
    0.006533998220342006,
    0.006529550690988512,
    0.006197808992825547,
    0.006205392667730486,
    0.006130557901245966,
    0.006278674425320749,
    0.006201478116979131,
    0.006107730365603294,
    0.0061357968975296225,
    0.00620129013595817,
    0.006105414151865715,
    0.006101362698113763,
    0.0061180871096898825,
    0.006110485905725821,
    0.006119211715297292,
    0.006106825986516819,
    0.006171534904767895,
    0.006068914178218106,
    0.006118036505780681,
    0.00608335083951674,
    0.00603845759671038,
    0.006026568621200928,
    0.005936021621178755,
    0.00594507094291365,
    0.0059196942027899754,
    0.005905868010356641,
    0.005871420094230866,
    0.005855095335059656,
    0.005857615675917262,
    0.005900647922584796,
    0.005892725167579034,
    0.005911539929947192,
    0.0058841835707024275,
    0.0058593566777495505,
    0.005849607789297031,
    0.005836778742480966,
    0.00584475671197655,
    0.005839003382187057,
    0.005840286885667638,
    0.005918518526044941,
    0.005866614309950323,
    0.005741348777816375,
    0.005754201363190531,
    0.005751525578837604,
    0.005691636498239995,
    0.005748338747920684,
    0.005779944289327808,
    0.0057506917050432985,
    0.0057373275011316375,
    0.005722876870137903,
    0.005712422818869453,
    0.005744411007118195,
    0.005755692338992295,
    0.005707802825319879,
    0.005700128122926976,
    0.005716551479917248,
    0.0056980810223270836,
    0.0057325562878734046,
    0.005774618045328629,
    0.005693835254158834,
    0.005744249592429573,
    0.005689621641963291,
    0.00566322024378015,
    0.005677305753564386,
    0.0056583633486039595,
    0.0056562942670806545,
    0.0056820676032765085,
    0.005674441645660803,
    0.005643775794770812,
    0.005664835950178083,
    0.005640691648419034,
    0.0056458777195821834,
    0.00569101210521246,
    0.005672893061168732,
    0.005620413676749956
  ],