{
  "seed": 42,
  "num_views": 15,
  "token_dim": 5,
  "num_buses": 30,
  "device": "cuda",
  "epochs": 1500,
  "embed_dim": 128,
  "num_layers": 6,
  "batch_size": 42,
  "mask_ratio": 0.75,
  "lr": 0.0001,
  "weight_decay": 1e-05,
  "patience": 25,
  "memory_efficient": true,
  "accumulation_steps": 2,
  "timestamp": "2025-11-02T21:34:57.198810Z",
  "training_losses": [
    1.1393578956524535,
    0.7164715150992074,
    0.6087448318799338,
    0.5763434115052223,
    0.5633838467796644,
    0.5454014435410499,
    0.5145791153113047,
    0.47697726984818783,
    0.46268763661384577,
    0.44295076519250864,
    0.4343734311064084,
    0.42595350851615266,
    0.419331754744053,
    0.40677237590154014,
    0.40160161405801775,
    0.3911123465498288,
    0.37843068202336627,
    0.3752602548400562,
    0.36038000682989757,
    0.3450930120547613,
    0.3365834898749987,
    0.31996311003963157,
    0.31484456121921534,
    0.30540511781970664,
    0.30171796133120854,
    0.28517505804697674,
    0.2776559469103813,
    0.268539500683546,
    0.2558087630569935,
    0.24927963723738986,
    0.24574981500705081,
    0.23505209684371944,
    0.2244051693379879,
    0.21981603344281514,
    0.20819813763101896,
    0.20111077189445498,
    0.1862604091813167,
    0.18200384348630902,
    0.17364718983570732,
    0.16626064412295816,
    0.15958689885834854,
    0.15477478141585985,
    0.1505037707090378,
    0.1489925880730152,
    0.14544869109988212,
    0.1426584408928951,
    0.14190615378320218,
    0.13603951126337052,
    0.13423187913993992,
    0.13244438444574674,
    0.12672266229987145,
    0.12562661896149316,
    0.1252379629760981,
    0.12479975269486503,
    0.11975774506727851,
    0.1181148329625527,
    0.11403794415295124,
    0.1160848948856195,
    0.11332454512516657,
    0.11259013277788957,
    0.1120453340560198,
    0.11057297632098198,
    0.10709737156828245,
    0.10209318377077581,
    0.10100064526001613,
    0.10046821283797425,
    0.0985655109832684,
    0.09892003147552411,
    0.09737600004921357,
    0.09293649084866047,
    0.09578434525678556,
    0.09252106451739868,
    0.09077565634002291,
    0.08762589154144126,
    0.08683730946232875,
    0.08730767386655011,
    0.08711319509893657,
    0.0848636302972833,
    0.08438251357525586,
    0.08312096421917278,
    0.0839822969958186,
    0.08025082934647798,
    0.0812527799482147,
    0.08075162323812643,
    0.07750329372783502,
    0.07632071419308582,
    0.07815697666257619,
    0.07562224838882683,
    0.0749208464846015,
    0.07557359675566354,
    0.07306892622262239,
    0.07326991180578868,
    0.07236107060064872,
    0.07150028754025697,
    0.07074995776017508,
    0.07140344060957433,
    0.07084804189701875,
    0.06869907690833013,
    0.06879475259532532,
    0.06841204793502888,
    0.06704651473710935,
    0.06717244821290173,
    0.06856142591685056,
    0.06631826478987932,
    0.06479898848881324,
    0.06383627891540528,
    0.06206205637504656,
    0.06330445664624375,
    0.06404881338278452,
    0.06312787966181833,
    0.061939244021972026,
    0.06039850581437349,
    0.05931210386877258,
    0.06043667522569497,
    0.06259071346372365,
    0.06027149843672911,
    0.06209924496710301,
    0.059032075628638256,
    0.05894186745087308,
    0.05847480798761051,
    0.057496718987822534,
    0.05690756023551028,
    0.0545333462767303,
    0.056349282662073764,
    0.055917016435414545,
    0.05584360466649134,
    0.0554574121721089,
    0.05490374941378832,
    0.052925461400300265,
    0.053649506283303096,
    0.05376997962594034,
    0.055576198461155094,
    0.054257605038583276,
    0.05063326453169187,
    0.049036420950045186,
    0.050726689938455825,
    0.0507375390517215,
    0.04934770467380682,
    0.04974640983467301,
    0.04990108486264944,
    0.049684772615631416,
    0.04938384127492705,
    0.0494488709109525,
    0.04909990516180793,
    0.04903363538905977,
    0.04936930121233066,
    0.04841030386586984,
    0.04849795411651333,
    0.048216924803952385,
    0.04802430117502809,
    0.046940496806055304,
    0.0476613140044113,
    0.04653262710198759,
    0.04598382176210482,
    0.04770054591198762,
    0.04574224810426434,
    0.044767051270852495,
    0.04595703760161996,
    0.04491979075595737,
    0.046212494596838946,
    0.046605631796022264,
    0.04583299743632476,
    0.04554874832431475,
    0.04606617206086715,
    0.04467926948641737,
    0.04571703957393765,
    0.044503808363030355,
    0.044456264705707633,
    0.04425233988712232
  ],