{
  "seed": 42,
  "num_views": 30,
  "token_dim": 5,
  "num_buses": 30,
  "device": "cuda",
  "epochs": 1500,
  "embed_dim": 128,
  "num_layers": 6,
  "batch_size": 21,
  "mask_ratio": 0.75,
  "lr": 0.0001,
  "weight_decay": 1e-05,
  "patience": 25,
  "memory_efficient": true,
  "accumulation_steps": 2,
  "timestamp": "2025-11-04T22:23:50.424463Z",
  "training_losses": [
    0.6067787588260332,
    0.4096941065397082,
    0.343683445147385,
    0.26185199846618107,
    0.18547004422555732,
    0.15219106032595117,
    0.1354787862903095,
    0.1208285522957643,
    0.10584575500152675,
    0.09409297119652359,
    0.08592516945832651,
    0.07939248092099384,
    0.07302832397791545,
    0.06706382969140184,
    0.06287235618570569,
    0.058632541348150734,
    0.056394923062084656,
    0.05379785917673602,
    0.050968940826599356,
    0.04865802002488436,
    0.04688653619622168,
    0.04537003636392336,
    0.04359171477328207,
    0.04223179190575638,
    0.04112353480062312,
    0.03993631929435826,
    0.03873296028633627,
    0.03805548902987045,
    0.03739464385499326,
    0.03586744333043155,
    0.034905483539896615,
    0.03383803837393797,
    0.033701883040735285,
    0.032459096051109165,
    0.03178292181268846,
    0.03138404059769113,
    0.030610325103480877,
    0.030229897138426172,
    0.029884793120396158,
    0.02980093671160146,
    0.029023710048929594,
    0.02867682862283729,
    0.027735506449480248,
    0.027093475158543462,
    0.02690437482573441,
    0.02677633318477447,
    0.026493612676698055,
    0.02608990550012246,
    0.025298591930779504,
    0.025753679486322942,
    0.024832089301295213,
    0.02448403213015516,
    0.0240606951919772,
    0.024120998111937925,
    0.02362846029698786,
    0.02357655188393665,
    0.023476904598169274,
    0.022883179278912365,
    0.022982860794805618,
    0.022339096525684,
    0.02227061317311938,
    0.022149149574651448,
    0.021724305622800793,
    0.0216702391814106,
    0.021562499373536777,
    0.02080847954816653,
    0.021099721534428597,
    0.020508537879085006,
    0.020588622994347758,
    0.020117437654852043,
    0.019925541429103244,
    0.019759596615148284,
    0.02033690274041628,
    0.019721767313405227,
    0.019695165428527606,
    0.019870565899540005,
    0.019147916555578386,
    0.019185486765311368,
    0.018711253127971075,
    0.01908476345807262,
    0.018252708776395565,
    0.018543924391269687,
    0.01858725998235388,
    0.01820883405039373,
    0.018406358766425823,
    0.01791067568429251,
    0.01807825580876263,
    0.017417560254234916,
    0.017618769219801447,
    0.017590934443182996,
    0.017095167307417978,
    0.017276634872345726,
    0.017127118086111,
    0.015425551274955429,
    0.01518854639977088,
    0.015123135448531583,
    0.015085441733522277,
    0.015119666273147514,
    0.015145207177413349,
    0.01484245869824872,
    0.015123120121278246,
    0.014880963971449092,
    0.014759556963132608,
    0.014673491320307396,
    0.01462092627513838,
    0.014467737096440631,
    0.014440943580603351,
    0.014472279748083175,
    0.014511078825648331,
    0.014520582185723599,
    0.014446305379268293,
    0.014186827932276951,
    0.01429470343513669,
    0.01416055405229357,
    0.014133190036878398,
    0.014206333052276907,
    0.013867823816980637,
    0.014187426990322723,
    0.013859914113576037,
    0.01378369756398435,
    0.013847212285118652,
    0.013635013395251262,
    0.013775718596720481,
    0.013734374439829581,
    0.013681474238769219,
    0.013640353477773922,
    0.013732114813848681,
    0.013727427286615456,
    0.012631056425829193,
    0.012413733945805605,
    0.012548678853132454,
    0.012487001156447292,
    0.012401214211259125,
    0.012490793455726686,
    0.012714578246935828,
    0.012318381945407974,
    0.012459321830514973,
    0.012321819473477812,
    0.012328928566999436,
    0.012318884616955753,
    0.012534585186933367,
    0.012319728211999998,
    0.012242055980131573,
    0.012271678650796751,
    0.012078512239709035,
    0.012164788769995582,
    0.012142848932797115,
    0.012138561760630322,
    0.012151546428818091,
    0.012099260510555073,
    0.011669856791838117,
    0.011615202470283657,
    0.011787405762932426,
    0.011610893183749728,
    0.011408451391667103,
    0.01150548013979938,
    0.011465483959860755,
    0.011573430072654538,
    0.01147199889780899,
    0.011437821125415429,
    0.011470150644327987,
    0.011505213870171498,
    0.01148669291657617,
    0.011476130285244017,
    0.011475960718385804,
    0.011424531169888757,
    0.011380042394362582,
    0.011125631269714146,
    0.011180723825870128,
    0.011234381275383407,
    0.01115260725311728,
    0.011128797515782825,
    0.011182933728434208,
    0.011107345534181329,
    0.011152880406409299,
    0.011022119570462379,
    0.011154612254500968,
    0.011134527976518501,
    0.011028513034792783,
    0.01106721538863755,
    0.011059995845325342,
    0.01109927930810452,
    0.011057302812540613,
    0.011091137722750654,
    0.01096023807168612,
    0.01103418900893554,
    0.010959691234698612,
    0.010985086219415826,
    0.010890633444300175,
    0.010820509159184725,
    0.01085145933515777,
    0.010941114231649727,
    0.010911005407383592,
    0.01083668811216191,
    0.010895713453747275,
    0.010894334413326755,
    0.010935026579713432,
    0.01073389513927169,
    0.011038171507648168,
    0.010876430870662725,
    0.010929043050083319,
    0.010828213583250144,
    0.010913398144855153,
    0.010884844591448624,
    0.010936522374688841,
    0.010814458831769957,
    0.0108290380326185,
    0.010826029318918847,
    0.010861045688942446,
    0.010859445234742953,
    0.010887870906220046,
    0.010840441732199311,
    0.01086702575707657,
    0.010945733496999697,
    0.010858789454889838,
    0.010700968347710197,
    0.010654151736153852,
    0.010692734937931514,
    0.010764789936094128,
    0.010728487937143377,
    0.010690666408646398,
    0.010780624312466083,
    0.010855943687897121,
    0.010768405269527418,
    0.010809610519012906,
    0.010715060311551358,
    0.010762486183197152,
    0.010826973826865732,
    0.010652692116626464,
    0.010770072797651114,
    0.010760509769998441,
    0.010724202863790017,
    0.010695329414912219,
    0.010744407702364438,
    0.010802239856629639,
    0.010666242758711298,
    0.010750930473234164,
    0.010755906703548961,
    0.01075787489412639,
    0.01056420736671112,
    0.01068254967352025
  ],