{
  "seed": 42,
  "num_views": 1,
  "token_dim": 5,
  "num_buses": 30,
  "device": "cuda",
  "epochs": 1500,
  "embed_dim": 128,
  "num_layers": 6,
  "batch_size": 256,
  "mask_ratio": 0.75,
  "lr": 0.0001,
  "weight_decay": 1e-05,
  "patience": 25,
  "memory_efficient": false,
  "accumulation_steps": 2,
  "timestamp": "2025-11-02T20:12:42.270842Z",
  "training_losses": [
    2.1215580701828003,
    1.306753158569336,
    1.626352071762085,
    1.3473581671714783,
    0.9985332489013672,
    1.1832988262176514,
    0.8630493879318237,
    0.8581995666027069,
    0.8139990270137787,
    0.8060829937458038,
    0.7314449846744537,
    0.6847918629646301,
    0.6410363018512726,
    0.6444503962993622,
    0.7006148993968964,
    0.6406656503677368,
    0.6830939054489136,
    0.6502170264720917,
    0.6485447585582733,
    0.6577843129634857,
    0.6231706738471985,
    0.6334966719150543,
    0.6367209851741791,
    0.6677442491054535,
    0.6435405910015106,
    0.6104286015033722,
    0.5973533093929291,
    0.6081888973712921,
    0.5949264168739319,
    0.5851500630378723,
    0.5648844242095947,
    0.5810059309005737,
    0.5750615000724792,
    0.5716212391853333,
    0.5770626366138458,
    0.5530063509941101,
    0.5519573390483856,
    0.5565350353717804,
    0.5611509382724762,
    0.5633494257926941,
    0.5624912083148956,
    0.5383576154708862,
    0.5490153431892395,
    0.558577299118042,
    0.5425944328308105,
    0.5426920354366302,
    0.5346634984016418,
    0.5337265729904175,
    0.5425995290279388,
    0.5316321551799774,
    0.5283825993537903,
    0.5508087575435638,
    0.5529784858226776,
    0.5805915296077728,
    0.5566193759441376,
    0.5351729989051819,
    0.5306155681610107,
    0.5791621208190918,
    0.5305612683296204,
    0.5268348455429077,
    0.513739824295044,
    0.5171433687210083,
    0.5054646730422974,
    0.5137208700180054,
    0.5060780942440033,
    0.49762505292892456,
    0.4948638826608658,
    0.48810677230358124,
    0.4846784919500351,
    0.489837646484375,
    0.4893505424261093,
    0.4796203523874283,
    0.4771776646375656,
    0.4863255172967911,
    0.4725562632083893,
    0.4690825641155243,
    0.4667295664548874,
    0.46739670634269714,
    0.4541390836238861,
    0.47270409762859344,
    0.45392201840877533,
    0.4444410502910614,
    0.4482076019048691,
    0.4522881507873535,
    0.4319203495979309,
    0.43940845131874084,
    0.43804171681404114,
    0.43208280205726624,
    0.4317190498113632,
    0.4373171031475067,
    0.43294671177864075,
    0.43480153381824493,
    0.4330439120531082,
    0.43275250494480133,
    0.43065960705280304,
    0.42347612977027893,
    0.4160817414522171,
    0.41385290026664734,
    0.42475318908691406,
    0.4207564890384674,
    0.4189700335264206,
    0.42601171135902405,
    0.4084123820066452,
    0.41887860000133514,
    0.4207392632961273,
    0.4186214804649353,
    0.4236612915992737,
    0.40986013412475586,
    0.4087112694978714,
    0.4023532122373581,
    0.4063103497028351,
    0.41802695393562317,
    0.4078022539615631,
    0.41179439425468445,
    0.41345950961112976,
    0.4077032506465912,
    0.410176157951355,
    0.40820401906967163,
    0.3998502343893051,
    0.39931821823120117,
    0.4033489525318146,
    0.40168140828609467,
    0.39844632148742676,
    0.39543317258358,
    0.39967599511146545,
    0.40215083956718445,
    0.39146189391613007,
    0.39610952138900757,
    0.38721905648708344,
    0.3942685127258301,
    0.40803195536136627,
    0.3946390599012375,
    0.3903632164001465,
    0.38949252665042877,
    0.3874811679124832,
    0.39382992684841156,
    0.4002516120672226,
    0.3848249912261963,
    0.38986964523792267,
    0.39226455986499786,
    0.39476484060287476,
    0.3847584128379822,
    0.3936753123998642,
    0.3873012959957123,
    0.37912391126155853,
    0.3954181671142578,
    0.38359592854976654,
    0.39142856001853943,
    0.38223597407341003,
    0.3843209594488144,
    0.3919466435909271,
    0.3873083293437958,
    0.38984067738056183,
    0.3862103223800659,
    0.3884183168411255,
    0.37169481813907623,
    0.3782937675714493,
    0.38025790452957153,
    0.38882237672805786,
    0.36769939959049225,
    0.3882210850715637,
    0.38914379477500916,
    0.38034266233444214,
    0.3700321316719055,
    0.3761948049068451,
    0.37331703305244446,
    0.3729526102542877,
    0.36754554510116577,
    0.37394507229328156
  ],