{
  "seed": 42,
  "num_views": 15,
  "token_dim": 5,
  "num_buses": 30,
  "device": "cuda",
  "epochs": 1500,
  "embed_dim": 128,
  "num_layers": 6,
  "batch_size": 42,
  "mask_ratio": 0.75,
  "lr": 0.0001,
  "weight_decay": 1e-05,
  "patience": 25,
  "memory_efficient": true,
  "accumulation_steps": 2,
  "timestamp": "2025-11-02T21:28:37.869129Z",
  "training_losses": [
    2.035499170422554,
    1.4148779322703677,
    0.9955227027336757,
    0.8200936943292618,
    0.7098109136025111,
    0.6620895802974701,
    0.6274194449186326,
    0.6244439552227656,
    0.6172322650750478,
    0.5948189795017242,
    0.5894733826319376,
    0.579047754406929,
    0.5733116542299588,
    0.5640836079915365,
    0.5569400424758593,
    0.552674596508344,
    0.5468325217564901,
    0.5491244226694107,
    0.5345933179060618,
    0.5354689925909043,
    0.5195030728975932,
    0.5328288147846858,
    0.5180757179856301,
    0.5215286542971929,
    0.5167138978838921,
    0.5034664675593377,
    0.5019121378660203,
    0.4968202327688535,
    0.4878090545535088,
    0.4870779052376747,
    0.4753652532895406,
    0.466156113644441,
    0.4701836720108986,
    0.46350300560394925,
    0.4428286641836166,
    0.4503417467077573,
    0.4492671688397725,
    0.4497524216771126,
    0.43248718827962873,
    0.4284376765290896,
    0.4310320804516474,
    0.42868023713429765,
    0.4161463419596354,
    0.4159184609850248,
    0.4160191516081493,
    0.4036615128318469,
    0.4112666800618172,
    0.41255381852388384,
    0.4329378217458725,
    0.39971585472424825,
    0.3910901109377543,
    0.39606113731861115,
    0.3896364693840345,
    0.39077951659758886,
    0.379245958228906,
    0.3834943453470866,
    0.37912713388601943,
    0.3816524902979533,
    0.3784994820753733,
    0.37398883799711863,
    0.3712894444664319,
    0.36836425215005875,
    0.3687447667121887,
    0.36532817780971527,
    0.3699117481708526,
    0.3613602116703987,
    0.36762112528085705,
    0.3607183322310448,
    0.36145652979612347,
    0.353097236653169,
    0.3508986512819926,
    0.35177103380362196,
    0.34799794207016627,
    0.34117889851331706,
    0.3471928685903549,
    0.34350757896900175,
    0.33865315417448677,
    0.34090804457664486,
    0.33407299369573595,
    0.32972708890835445,
    0.33469489564498267,
    0.32567701935768123,
    0.3186452597379685,
    0.3248338545362155,
    0.31658984025319414,
    0.31154316117366154,
    0.31620902121067046,
    0.3107228676478068,
    0.3231644441684087,
    0.32792082180579507,
    0.3161258950829506,
    0.3138502900799115,
    0.3177098582188288,
    0.30632009704907737,
    0.3063168068726857,
    0.3025712976853053,
    0.3009031722942988,
    0.29936999728282293,
    0.2923383004963398,
    0.2942760482430458,
    0.29699434141318004,
    0.2889783672988415,
    0.2847685764233271,
    0.28163134604692464,
    0.27955756038427354,
    0.2842717200517655,
    0.2825015855332216,
    0.2733862767616908,
    0.27314227546254793,
    0.26927549814184504,
    0.2724508491655191,
    0.2685254772504171,
    0.264609082788229,
    0.26100304822127024,
    0.257293813675642,
    0.2574173505107562,
    0.2631064191460609,
    0.26761071508129436,
    0.2593218609690666,
    0.2596654618779818,
    0.2566066237787406,
    0.2469829392929872,
    0.2514409959316254,
    0.24304276381929713,
    0.24333760067820548,
    0.23997057154774665,
    0.2376870445907116,
    0.2387882885833581,
    0.23786256089806557,
    0.23391277392705284,
    0.23607103327910106,
    0.22781410192449886,
    0.23194688757260642,
    0.23019755631685257,
    0.23202179198463757,
    0.22902945553263027,
    0.22307910099625589,
    0.22238899320363997,
    0.22140852436423303,
    0.21922420561313627,
    0.21692340423663456,
    0.21695850566029548,
    0.21403337245186171,
    0.21402588213483492,
    0.2113893561065197,
    0.20513853480418523,
    0.21331789468725523,
    0.21113078519701958,
    0.20802048444747925,
    0.20453314706683157,
    0.20102754160761832,
    0.2024160385131836,
    0.19721190482378007,
    0.2028757172326247,
    0.19465507219235104,
    0.1935176926354567,
    0.19161354675889014,
    0.1853811147312323,
    0.1892308458685875,
    0.1872225878139337,
    0.185403673350811,
    0.1870279349386692,
    0.1834630876779556,
    0.18125121717651682,
    0.18111091653505962,
    0.1802241784830888,
    0.1826844016710917,
    0.17697909822066626,
    0.18147293875614803,
    0.17960340256492296,
    0.1757047367592653,
    0.18035593628883362,
    0.174797789255778,
    0.1739920198917389,
    0.1721096932888031,
    0.16430306459466615,
    0.1695343720416228,
    0.15963352136313916,
    0.16471241687734922,
    0.15924606695771215,
    0.1572905622422695,
    0.16136168589194616,
    0.15851309994856516,
    0.15753950066864492,
    0.1542899925261736,
    0.15198761684199175,
    0.1536426905542612,
    0.15265508356193702,
    0.1550986592968305,
    0.15178831505278748,
    0.15245214961469172,
    0.15186159064372381,
    0.15175402909517288,
    0.14860278964042664,
    0.14671539602180322,
    0.1466440255443255,
    0.1469832201798757,
    0.1448360172410806,
    0.14216879171629748,
    0.1457741092890501,
    0.14391563050448894,
    0.14553528986871245,
    0.14075764740506808,
    0.14001924817760786,
    0.14062572171290716,
    0.14335426477094493,
    0.14002611277004084,
    0.13643815169731777,
    0.13267118446528914,
    0.14009656235575674,
    0.13383402389784654,
    0.1346855491399765,
    0.138163627187411,
    0.13806806864837803,
    0.13593234618504843,
    0.13521121305723985,
    0.13742295205593108,
    0.13275827541947366,
    0.13375776931643485,
    0.1353092476725578,
    0.13178158588707445,
    0.1339419774711132,
    0.13582461227973303,
    0.13347387276589873,
    0.13208693439761798,
    0.1300981099406878,
    0.13233740851283074,
    0.12865332402288915,
    0.12992565644284088,
    0.13099391994376977,
    0.13230712910493214,
    0.13269348417719204,
    0.12986030975977578,
    0.13231231607496738,
    0.12808396555483342,
    0.1281341452151537,
    0.12658649161458016,
    0.1287027950088183,
    0.12445148676633835,
    0.13102519089976944,
    0.12679639297227066,
    0.12454463082055252,
    0.12413907858232658,
    0.12688369353612264,
    0.12276766349871952,
    0.12570463915665944,
    0.12394813833137353,
    0.12484979120393594,
    0.12096673262615998,
    0.1256133464475473,
    0.12781550996005536
  ],