{
  "seed": 42,
  "num_views": 2,
  "token_dim": 5,
  "num_buses": 30,
  "device": "cuda",
  "epochs": 1500,
  "embed_dim": 128,
  "num_layers": 6,
  "batch_size": 256,
  "mask_ratio": 0.75,
  "lr": 0.0001,
  "weight_decay": 1e-05,
  "patience": 25,
  "memory_efficient": false,
  "accumulation_steps": 2,
  "timestamp": "2025-11-02T20:23:49.722043Z",
  "training_losses": [
    2.1791622638702393,
    2.1886881589889526,
    1.7554462552070618,
    0.9142180383205414,
    1.2367050647735596,
    1.3884495496749878,
    1.1764447093009949,
    0.7914852797985077,
    0.8951129913330078,
    1.0970999002456665,
    1.0351853966712952,
    0.8120656311511993,
    0.6531955897808075,
    0.6996254622936249,
    0.691017746925354,
    0.6191085875034332,
    0.7101514041423798,
    0.7522964775562286,
    0.662852019071579,
    0.596892774105072,
    0.6622579097747803,
    0.6958987712860107,
    0.6081542372703552,
    0.6288362443447113,
    0.6402968764305115,
    0.644844651222229,
    0.5732412338256836,
    0.6413904130458832,
    0.6762387752532959,
    0.5817378163337708,
    0.6076911091804504,
    0.6295843422412872,
    0.5931477546691895,
    0.5949457287788391,
    0.5860474407672882,
    0.5944581925868988,
    0.6045020222663879,
    0.5679764151573181,
    0.5709600746631622,
    0.5487698018550873,
    0.543066531419754,
    0.5492599606513977,
    0.5543075799942017,
    0.5268597900867462,
    0.545692503452301,
    0.5329483151435852,
    0.5197327435016632,
    0.5210694968700409,
    0.5301011204719543,
    0.5269550681114197,
    0.5264821946620941,
    0.5261978507041931,
    0.5331235826015472,
    0.5298381745815277,
    0.5208117961883545,
    0.5163849890232086,
    0.509255975484848,
    0.5017157942056656,
    0.5178936421871185,
    0.5201417207717896,
    0.5101382434368134,
    0.5293089747428894,
    0.4993761479854584,
    0.5274279117584229,
    0.5279397964477539,
    0.5089752376079559,
    0.5136324763298035,
    0.5183402895927429,
    0.5020574629306793,
    0.5236751437187195,
    0.5152455270290375,
    0.5022022873163223,
    0.5224266350269318,
    0.507924497127533,
    0.5126288831233978,
    0.5165536403656006,
    0.49561940133571625,
    0.4951275736093521,
    0.4932818114757538,
    0.4873097389936447,
    0.5064298510551453,
    0.493322491645813,
    0.49633723497390747,
    0.506892740726471,
    0.4909066706895828,
    0.4844329506158829,
    0.496392160654068,
    0.4950826019048691,
    0.4971282184123993,
    0.488519087433815,
    0.5003247559070587,
    0.48754680156707764,
    0.4973645359277725,
    0.4959081709384918,
    0.4850075840950012,
    0.4930448830127716,
    0.501221776008606,
    0.5021476596593857,
    0.49108079075813293,
    0.49230459332466125,
    0.49488675594329834,
    0.4729223996400833,
    0.4839319884777069,
    0.48935289680957794,
    0.4836919754743576,
    0.4762575775384903,
    0.4855455160140991,
    0.4692148268222809,
    0.4943813532590866
  ],
  "val_mse_losses": [
    2.2602005775528724,
    1.8168327254478376,
    0.8446540447196575,
    1.3177638198390151,
    1.4202829996744792,
    1.2206162346733942,
    0.7590014139811198,
    0.8554637408015704,
    1.0421295936661537,
    1.061857936358211,
    0.7514910457110164,
    0.60464209739608,
    0.7023301558061079,
    0.7113825480143229,
    0.5961329720237039,
    0.6648746259284741,
    0.6950984145655776,
    0.6701954542988479,
    0.5765532291296757,
    0.6262771529380722,
    0.6824173590149543,
    0.6013527109165384,
    0.6429723103841145,
    0.7359715856686987,
    0.6187171743373678,
    0.5754779661544646,
    0.7560964642149028,
    0.7299747659702494,
    0.6414063771565756,
    0.6399957868787978,
    0.6400374402903547,
    0.5680631001790365,
    0.6171900045992148,
    0.5814254259822345,
    0.6554362749812579,
    0.5948098500569662,
    0.5629802087340692,
    0.5686288313432173,
    0.5737604468759865,
    0.5123804265802556,
    0.5485217354514382,
    0.5536060525913431,
    0.538745687465475,
    0.5472429641569504,
    0.5430636165117977,
    0.5559826667862708,
    0.5169307824337122,
    0.5265298708520754,
    0.5462003765684186,
    0.5475207627421678,
    0.5306513237230706,
    0.5269049442175663,
    0.5549630444459241,
    0.5266615164400351,
    0.5313231150309246,
    0.5121977449667574,
    0.5328976024280895,
    0.5341666443179351,
    0.5292919813984572,
    0.5027416884297072,
    0.4978603208907927,
    0.5188538907754301,
    0.5457277201642894,
    0.63626366432267,
    0.4921345758919764,
    0.500223757040621,
    0.496692965729068,
    0.5006341645211885,
    0.5336940649783972,
    0.5780219646415325,
    0.5669411938599866,
    0.5286724206173059,
    0.49453199752653487,
    0.5254332995173907,
    0.5141644911332564,
    0.528486617887863,
    0.5201617539531053,
    0.5379196706444327,
    0.49383358040241276,
    0.5272415430858881,
    0.5021208753489484,
    0.5291572917591443,
    0.5011165888622553,
    0.49106561294709794,
    0.5025054469253077,
    0.5287121474140822,
    0.5352828671233822,
    0.5131716487383602,
    0.49527759744663435,
    0.5357483950528231,
    0.5391925272315439,
    0.5146224667327572,
    0.5115715566307607,
    0.500447726008868,
    0.5218578300090752,
    0.514050011682992,
    0.501267134541213,
    0.5246440232402146,
    0.5090964924205433,
    0.5258743209068222,
    0.5387991317594893,
    0.5025935702853732,
    0.5079784200649069,
    0.5523006362144394,
    0.5219891866048177,
    0.4987836510244042,
    0.5115498629483309,
    0.528676389443754,
    0.4999763989689374
  ],