{
  "seed": 42,
  "num_views": 30,
  "token_dim": 5,
  "num_buses": 30,
  "device": "cuda",
  "epochs": 1500,
  "embed_dim": 128,
  "num_layers": 6,
  "batch_size": 21,
  "mask_ratio": 0.75,
  "lr": 0.0001,
  "weight_decay": 1e-05,
  "patience": 25,
  "memory_efficient": true,
  "accumulation_steps": 2,
  "timestamp": "2025-11-04T20:26:36.785044Z",
  "training_losses": [
    0.5188907515431314,
    0.2904364118342882,
    0.16256100183774252,
    0.12460013396124352,
    0.09692039674144745,
    0.07830648352432233,
    0.06560668915040493,
    0.05669704882399098,
    0.051062243459955345,
    0.047223754050226226,
    0.04402646529528477,
    0.04101186370596109,
    0.03897057225765253,
    0.03681638283881847,
    0.03504561096259323,
    0.033469241777425295,
    0.03221363124143273,
    0.031005966697380434,
    0.029854352678299372,
    0.02916497558327985,
    0.02829803300905643,
    0.026995770626143258,
    0.026481306581437884,
    0.026043193570027726,
    0.025199906664477457,
    0.024567678379657343,
    0.024066274286978044,
    0.023508788098175807,
    0.022885609152911806,
    0.022457339853934596,
    0.022239002141544985,
    0.02183609730334845,
    0.021359509618153447,
    0.020887920787977774,
    0.020627150391445633,
    0.02038342429768127,
    0.02003403332374753,
    0.019373595003973176,
    0.019099854949350268,
    0.01897742515707321,
    0.018516522174739702,
    0.01837730179906748,
    0.018126637777892647,
    0.017973000039740603,
    0.01746984560879845,
    0.01746525901574031,
    0.01717150897718162,
    0.01680736576387133,
    0.016989993021923208,
    0.016745411752303346,
    0.01651060150989326,
    0.01612992848403146,
    0.01596489187855988,
    0.01596846326410334,
    0.0156792780818717,
    0.015600608646851977,
    0.01549776906118647,
    0.015435329918542144,
    0.01501602401815369,
    0.014819778297667495,
    0.01483888025849975,
    0.014620779853455718,
    0.014606551595461686,
    0.014451069191793082,
    0.01412733437365568,
    0.01420348784445972,
    0.01408471889345101,
    0.013976544973887648,
    0.013615948755080157,
    0.013553497448060123,
    0.013394063288612942,
    0.013607271051433228,
    0.013502459039602796,
    0.013138769848138707,
    0.013036667984316777,
    0.01305531245746387,
    0.01310481037232793,
    0.012859515055357778,
    0.012770911557169636,
    0.012848753917002041,
    0.01275869999209576,
    0.012706816821445149,
    0.012278547928554352,
    0.012415901190397812,
    0.012314569617948135,
    0.012318929435990077,
    0.012291319901244283,
    0.011947570081328933,
    0.012105635655376345,
    0.011839869182310774,
    0.011899785758181135,
    0.011759310612951225,
    0.011841525801997115,
    0.01162657548286605,
    0.011725028294853595,
    0.011709072936241018,
    0.011386085625429075,
    0.011360670598738536,
    0.011463313388565025,
    0.011379171725115642,
    0.011150475629281243,
    0.011216050221919302,
    0.011072030117926679,
    0.01113398152913026,
    0.011015403647010332,
    0.011046204253744066,
    0.011153555839862961,
    0.010642381177934465,
    0.010612065380536473,
    0.01056193290778961,
    0.010681368516346303,
    0.010393217191464445,
    0.010594157132924099,
    0.010617563980896942,
    0.00935344357821215,
    0.009044909299976981,
    0.008978466609704423,
    0.009106775480889534,
    0.008909496278236645,
    0.00886285511176834,
    0.00891768336923397,
    0.008849528863011106,
    0.008834407076706862,
    0.008990518533261188,
    0.008687387808328187,
    0.008613570657356068,
    0.008669284481007532,
    0.008616917677358796,
    0.008689587328615975,
    0.008562935212231367,
    0.008544759056731953,
    0.008362288280697424,
    0.00837067976738334,
    0.008374680503933422,
    0.008478092040708977,
    0.008520859961610268,
    0.008297941941021585,
    0.008390583725531938,
    0.007853434712321231,
    0.007669438190282913,
    0.0075607447598663525,
    0.007726461838650162,
    0.0075660006180148206,
    0.00773829757963792,
    0.007570830522393019,
    0.00757767106625549,
    0.007542698866698175,
    0.007576075041206595,
    0.007503439168629136,
    0.0074935529437133224,
    0.0074549496584428755,
    0.0074267299282638,
    0.007473447973540749,
    0.0074767074491611536,
    0.0074795467937477725,
    0.007450949527976297,
    0.007432686896280534,
    0.007432236609094182,
    0.007411899928941299,
    0.00734540557899771,
    0.007368486952531236,
    0.007063472168684966,
    0.006952598794594263,
    0.007033531966181683,
    0.006990414127152146,
    0.006993137457788423,
    0.006950249276421515,
    0.007028992359654336,
    0.006978905495535262,
    0.006946554702577154,
    0.006944821026965988,
    0.006888139080650306,
    0.006953230929188592,
    0.006886919053345404,
    0.006978491073717972,
    0.0069100029754294735,
    0.006879827280272289,
    0.006890810139309164,
    0.006848612071770129,
    0.006881937046357569,
    0.00688099421115209,
    0.00687274254252491,
    0.006865294372448972,
    0.006829649817648088,
    0.0068499386596488614,
    0.006805460280935821,
    0.006756698575280184,
    0.006838726236534008,
    0.006841033935970709,
    0.0068416682973146984,
    0.006766917088711619,
    0.006823126404021026,
    0.006661286671619395,
    0.006580758005274469,
    0.006622646003539327,
    0.006595089571411352,
    0.0066201861126634716,
    0.006548982182202383,
    0.0066294797109271155,
    0.006651726298356695,
    0.006546530209438289,
    0.0065623023799565965,
    0.006637418594505694,
    0.006550714362469792,
    0.006590703439183807,
    0.006553451039740699,
    0.006507547836652627,
    0.006444445714842696,
    0.006476738815021337,
    0.00651027710391739,
    0.006534007738649183,
    0.006429585499028692,
    0.006511873139381337,
    0.006470549560939352,
    0.006518664641228598,
    0.006466033349669378,
    0.00644821705033646,
    0.006466897775938599,
    0.006442006273705437,
    0.006383998794818945,
    0.006384155667088973,
    0.00642221021598256,
    0.006433980554400172,
    0.006413661869663409,
    0.0064499829599025775,
    0.006374098853122073,
    0.0064254645420647,
    0.0064670437967826126,
    0.006392851294985841,
    0.006367402114764273,
    0.006404015063573579,
    0.006403723862971178,
    0.006367928618529011,
    0.0063505328329829325,
    0.006394763415792327,
    0.006363257052801511,
    0.006357787881570911,
    0.0063838045310433324,
    0.006308129566157843,
    0.006338154700454418,
    0.006434587186328273,
    0.006376342111752109,
    0.006383570832532505,
    0.00637001160951251,
    0.006376243770019579
  ],