{
  "seed": 42,
  "num_views": 4,
  "token_dim": 5,
  "num_buses": 30,
  "device": "cuda",
  "epochs": 1500,
  "embed_dim": 128,
  "num_layers": 6,
  "batch_size": 160,
  "mask_ratio": 0.75,
  "lr": 0.0001,
  "weight_decay": 1e-05,
  "patience": 25,
  "memory_efficient": false,
  "accumulation_steps": 2,
  "timestamp": "2025-11-02T20:34:27.506889Z",
  "training_losses": [
    1.3911058387973092,
    0.7994886853478171,
    0.7303029596805573,
    0.6313070140101693,
    0.6394014358520508,
    0.6107079738920386,
    0.5742376555096019,
    0.5659669556400992,
    0.5634428804570978,
    0.5387180989438837,
    0.5234750278971412,
    0.5131753168322823,
    0.49176702174273407,
    0.4635810079899701,
    0.4502996030178937,
    0.4389495605772192,
    0.42966712740334595,
    0.4252654652703892,
    0.41522926634008234,
    0.41916783966801385,
    0.4188637936657125,
    0.41073105281049554,
    0.4019966884092851,
    0.39350957491181116,
    0.3929635001854463,
    0.3919201967391101,
    0.37366200712594116,
    0.37515234405344183,
    0.36926403641700745,
    0.3527760180560025,
    0.3557453372261741,
    0.36414171348918567,
    0.34247746115381067,
    0.3363878984342922,
    0.3183073116974397,
    0.3157752630385486,
    0.3050097186457027,
    0.3027744645422155,
    0.29445768757299945,
    0.2958505099469965,
    0.2859931642358953,
    0.29061106660149316,
    0.2740773477337577,
    0.26935678855939343,
    0.2559033882888881,
    0.26067686690525577,
    0.24820345843380148,
    0.2530067339539528,
    0.23903743651780215,
    0.23635135049169714,
    0.23524360020052304,
    0.23104812678965655,
    0.22187442129308527,
    0.21595300801775671,
    0.2057825130495158,
    0.20152735845609146,
    0.19996767965230075,
    0.19377903911200436,
    0.1820700534365394,
    0.18035000562667847,
    0.17454006319696252,
    0.16902076520703055,
    0.1687496385791085,
    0.16310362246903506,
    0.1659494462338361,
    0.16177819059653717,
    0.15976948155598206,
    0.15941167622804642,
    0.1498834185979583,
    0.1500286270271648,
    0.14798149872909894,
    0.14321335337378763,
    0.14946421642195096,
    0.14817610721696506,
    0.14121474596587094,
    0.14431846819140695,
    0.14093112539161334,
    0.13465208560228348,
    0.13553431901064786,
    0.14031619714065033,
    0.13979791646653955,
    0.13765643333846872,
    0.13368360901420767,
    0.12943005494096063,
    0.12877771664749493,
    0.1256743435832587,
    0.12546159293163905,
    0.12490705874833194,
    0.1255540515888821,
    0.1273638873615048,
    0.12338426404378632,
    0.12042706290429289,
    0.11965827880935236,
    0.11673026870597493,
    0.11803473193537105,
    0.11350335688753561,
    0.11367574368010867,
    0.11257735978473317,
    0.11295737901871855,
    0.11387621509757909,
    0.10834231769496744,
    0.11141259900548241,
    0.10527426275339993,
    0.10495130616155537,
    0.10759994015097618,
    0.10285595025528561,
    0.10311053015969017,
    0.1050924499603835,
    0.10486268760128455,
    0.10480647500265729,
    0.10413265431469138,
    0.09927219321781938,
    0.09846372258934108,
    0.09979811717163432,
    0.09519420936703682,
    0.09641610390760681,
    0.09369518235325813,
    0.09469256888736378,
    0.08968534964052113,
    0.0975091044198383,
    0.09203632616183975,
    0.09172357957471501,
    0.09172809394923123,
    0.09231470965526321,
    0.09074160930785266,
    0.08980109373276884,
    0.08984744074669751,
    0.08885159411213615,
    0.092358894307505,
    0.0872818072411147,
    0.08588221059604124,
    0.09270448237657547,
    0.08845768733458086,
    0.08998125351288101,
    0.08766738799485294,
    0.08449628644368866,
    0.08984179252927954,
    0.0892504985359582,
    0.08727299591357057,
    0.08585759252309799,
    0.08513813364234837,
    0.08598148043860089,
    0.08438041365959427,
    0.08532158149914308,
    0.08382375301285223,
    0.08528870886022394,
    0.08300110731612552,
    0.07959943840449507,
    0.08377002111890099,
    0.08265802230347287,
    0.08262758939103647,
    0.08122199604457075,
    0.08122592927380042,
    0.08244477449492975,
    0.08189448307860982,
    0.07936884598298506,
    0.08008593998172066,
    0.07826683297753334,
    0.08016942272132094,
    0.08147030222144994,
    0.0796616565097462,
    0.08032203635031526,
    0.07914960756897926,
    0.08011400902813132,
    0.07925795255736871,
    0.08035211468284781,
    0.07869769463484938,
    0.07882585681297562,
    0.07658213106068698,
    0.07898085225712169,
    0.07716824012723836,
    0.07818365063179623,
    0.07865557480942119,
    0.07904918390241536,
    0.07787141339345412,
    0.07679646834731102,
    0.07639825242486867,
    0.07500579428266395,
    0.07729652151465416,
    0.07839370823719284,
    0.0777475041421977,
    0.07831119644370946,
    0.07732043957168405,
    0.07699023458090695,
    0.07455967654558746,
    0.07425809346816757,
    0.07478448138995604,
    0.07492542842572386,
    0.07671065696261146,
    0.07743670283393427,
    0.07558877224271948,
    0.0773077244785699,
    0.0746310878206383,
    0.07729951292276382,
    0.07587374171072786,
    0.07709167525172234,
    0.07678231901743195,
    0.07573379068212076,
    0.07542172175916759,
    0.07439909706061537,
    0.0779817331243645,
    0.07707929814403708,
    0.07658914679830725,
    0.0761317139999433,
    0.07756977663798766,
    0.07679744606668298,
    0.07336248948492786,
    0.0764829157428308,
    0.07503469847142696,
    0.07552725618535822,
    0.0751733620735732,
    0.0752618746324019,
    0.07371771352534945,
    0.07437928020954132,
    0.0754342878406698,
    0.07640465230427006,
    0.07783243906768886,
    0.07506141337481412,
    0.0762107450176369,
    0.07773620872335,
    0.07590791904790835,
    0.07537101852622899,
    0.07683477279814807,
    0.0752883709289811,
    0.07598297196355733,
    0.07569463923573494,
    0.07418475672602654,
    0.07400792938741771,
    0.07346425120803443,
    0.07276018912141974,
    0.0758471278981729,
    0.07486104694279758,
    0.07648105377500708,
    0.07804367691278458,
    0.0747499902817336,
    0.07710766047239304,
    0.07548474114049565,
    0.0760851228101687
  ],