{
  "seed": 42,
  "num_views": 8,
  "token_dim": 5,
  "num_buses": 30,
  "device": "cuda",
  "epochs": 1500,
  "embed_dim": 128,
  "num_layers": 6,
  "batch_size": 80,
  "mask_ratio": 0.75,
  "lr": 0.0001,
  "weight_decay": 1e-05,
  "patience": 25,
  "memory_efficient": true,
  "accumulation_steps": 2,
  "timestamp": "2025-11-03T21:39:50.918863Z",
  "training_losses": [
    0.8050241099268782,
    0.5535706635199341,
    0.4843568261347565,
    0.42612375377439987,
    0.4064530030477281,
    0.3851505009567036,
    0.3492370562664434,
    0.32183506946061174,
    0.2946184524791498,
    0.2710613830782035,
    0.24728894350575467,
    0.21958089550482293,
    0.1908431339132435,
    0.17264370726165817,
    0.16319552909436763,
    0.15070096076484404,
    0.14707556167873098,
    0.13814093188985305,
    0.13315374616022205,
    0.12871589235888392,
    0.12350982040459034,
    0.11807214561849833,
    0.11360040208434358,
    0.10964908060051647,
    0.10408077693964336,
    0.10099964862798944,
    0.09808045328028646,
    0.09412440048603743,
    0.09134494122482982,
    0.08778321247219163,
    0.08513234804987031,
    0.0810916509534068,
    0.07959931498101237,
    0.07634087200002636,
    0.0737887355133745,
    0.07253257237265215,
    0.07057488878604536,
    0.0685916677866058,
    0.06813274148632498,
    0.06541524475038636,
    0.06424335098149729,
    0.06313597031083762,
    0.06077047161684901,
    0.06105494751211475,
    0.059745380335359595,
    0.059118972296881324,
    0.056958669860500334,
    0.055776767697477456,
    0.055911861752689467,
    0.05478523937327897,
    0.05215309848826306,
    0.05263827502837076,
    0.0514450575608541,
    0.051615152444106104,
    0.049581848025577614,
    0.047964621417443544,
    0.04906795451454088,
    0.047534877607854555,
    0.04650749485282337,
    0.04758656087934094,
    0.04661798979356593,
    0.0460610489507078,
    0.04598422101059673,
    0.04431206665878348,
    0.044042340940887145,
    0.04337488955306802,
    0.043653441971971414,
    0.04309717623754313,
    0.042527563034502024,
    0.042372746082643666,
    0.04173731905243853,
    0.04179032445958286,
    0.04063469849015568,
    0.0401539368573211,
    0.03997134194965018,
    0.03944822701205518,
    0.03906740708386197,
    0.03942809563002312,
    0.03863055847457373,
    0.037906019304714655,
    0.037862501408466524,
    0.03739281463911574,
    0.037490805250355135,
    0.03722471399141439,
    0.03666860901969759,
    0.035970711884289686,
    0.036481501269793395,
    0.03534156434219696,
    0.035939274894475355,
    0.03511332001482301,
    0.03499206100298347,
    0.03545878198929131,
    0.03502955799009286,
    0.034984061754692125,
    0.03432122422108317,
    0.034058670746162534,
    0.03343049393893749,
    0.03368632817257415,
    0.03321218289270559,
    0.03420946332534738,
    0.0334204982272258,
    0.032804182776268204,
    0.033029606013430975,
    0.03282045579387569,
    0.032197259183900026,
    0.03210250026199455,
    0.031888850293505716,
    0.0314263901444992,
    0.03152522998953275,
    0.03101316386121599,
    0.03076002843148422,
    0.030452538797558815,
    0.03018607493654332,
    0.03123127333089417,
    0.03104263472407326,
    0.03005062692396927,
    0.029392685261828935,
    0.030101098878053473,
    0.030011136691980793,
    0.029407117187100297,
    0.028930156126472296,
    0.02924880477618061,
    0.028675516729480495,
    0.028788855586967924,
    0.029441463199498898,
    0.02924653627526234,
    0.026808579497988903,
    0.026780102086965654,
    0.026046275407733285,
    0.02671197908656562,
    0.02644383945666692,
    0.02580969003896576,
    0.026242265169618324,
    0.026069986752654407,
    0.02610616793162098,
    0.026627647811455615,
    0.025949469185434282,
    0.025771880682156075,
    0.026229452442231717,
    0.025691369422894045,
    0.025361915733026087,
    0.02597479117742064,
    0.025687074060460516,
    0.025897701962522286,
    0.02522405471159693,
    0.025174799051099254,
    0.02541911461865347,
    0.02524929763931854,
    0.025374114399264548,
    0.02499689381597016,
    0.025029010863006844,
    0.02434350947128134,
    0.024032613570692345,
    0.02441904007448066,
    0.023720252110768912,
    0.02363149728854278,
    0.024383765325753714,
    0.02418634573947273,
    0.02372644661569639,
    0.023590651783617397,
    0.023497772263819536,
    0.023437719246573455,
    0.02389262211691661,
    0.023721674943397587,
    0.023340132379648732,
    0.023448237288724996,
    0.02327293989148137,
    0.02351481589607383,
    0.02344957635254033,
    0.023108939861641357,
    0.023165690094031684,
    0.023251028877555157,
    0.022939167437417543,
    0.023308708747921913,
    0.02357819100485786,
    0.023084399192228766,
    0.02341567362457806,
    0.023014000005216573,
    0.023150828632745233,
    0.023047366311919747,
    0.022807918390825244,
    0.02248711937664113,
    0.022805080404413827,
    0.021940403837053216,
    0.02271369914980788,
    0.022466692979922334,
    0.022324137031283303,
    0.022527837603097307,
    0.022761676453656572,
    0.022614251420486207,
    0.022260352056108268,
    0.022579398334902877,
    0.022083169299031737,
    0.021948814143280627,
    0.022478152643980495
  ],