{
  "seed": 42,
  "num_views": 2,
  "token_dim": 5,
  "num_buses": 30,
  "device": "cuda",
  "epochs": 1500,
  "embed_dim": 128,
  "num_layers": 6,
  "batch_size": 128,
  "mask_ratio": 0.75,
  "lr": 0.0001,
  "weight_decay": 1e-05,
  "patience": 25,
  "memory_efficient": false,
  "accumulation_steps": 2,
  "timestamp": "2025-11-03T17:52:49.569233Z",
  "training_losses": [
    0.7960761799477041,
    0.5589773235842586,
    0.46480288403108716,
    0.4098004892002791,
    0.3789331412408501,
    0.342803162522614,
    0.313590195029974,
    0.27742813259828836,
    0.2492455174215138,
    0.2234440443571657,
    0.19549956172704697,
    0.17271612538024783,
    0.1583442990668118,
    0.1495279015507549,
    0.1404574036714621,
    0.13433229277143255,
    0.12969388422789052,
    0.12240252998890355,
    0.11738578183576465,
    0.11239113402552903,
    0.10601564415264875,
    0.1004409525776282,
    0.09876551176421344,
    0.09404712641844526,
    0.09108691016444936,
    0.0886203171685338,
    0.08467342494986951,
    0.08005879746633582,
    0.07857431480078958,
    0.07561222719959915,
    0.07515947287902236,
    0.07380355033092201,
    0.0702188766153995,
    0.06834974768571556,
    0.06598756759194657,
    0.06558649285580032,
    0.06429760827450082,
    0.06168097601039335,
    0.06168447472737171,
    0.06078886517207138,
    0.059287428826792166,
    0.05723367736209184,
    0.05612343753455207,
    0.055677084252238274,
    0.05621327966218814,
    0.054034817032516,
    0.053777317370986566,
    0.05378045293036848,
    0.05098988639656454,
    0.050542198499897495,
    0.049413559841923416,
    0.05072597594698891,
    0.04864110812195577,
    0.04733055274118669,
    0.04877394874347374,
    0.04764642444206402,
    0.04748568526702002,
    0.04642521889763884,
    0.045969830243848264,
    0.0464386384410318,
    0.04442319177906029,
    0.044627319439314306,
    0.04398375697201118,
    0.04407947277650237,
    0.04266531615576241,
    0.04346872793394141,
    0.04233058808313217,
    0.04208586263121106,
    0.04224035311199259,
    0.04160605918150395,
    0.04115598482894711,
    0.04078843002207577,
    0.04041580678313039,
    0.03960781313071493,
    0.039059002039721236,
    0.03934408928034827,
    0.03912222484359518,
    0.03803695375972893,
    0.03791253895906266,
    0.03794890361314174,
    0.037630164399161004,
    0.03808950893289875,
    0.03813780323253013,
    0.03806545535917394,
    0.03689282451523468,
    0.03780336408817675,
    0.036696519775432535,
    0.03682893040240742,
    0.03657170297810808,
    0.03528071817709133,
    0.03417034348240122,
    0.03279842391202692,
    0.03213130733638536,
    0.032843222783412784,
    0.03228332448634319,
    0.03371302457526326,
    0.03283188100613188,
    0.032919244084041566,
    0.032465796888573095,
    0.03207053973164875,
    0.03219232111587189,
    0.0315209314430831,
    0.03223139852343593,
    0.032696471171220765,
    0.031251217631506734,
    0.030956602000514977,
    0.03121479309629649,
    0.03108099511882756,
    0.03178341711463872,
    0.03140896047989372,
    0.030829413430183195,
    0.031103870205697604,
    0.030883655737852678,
    0.031110803713090718,
    0.02986429813608993,
    0.03078618568542879,
    0.03046764709870331,
    0.02983802066592034,
    0.030795834012678824,
    0.03078595027909614,
    0.030186792457243428,
    0.030246226451708935,
    0.029412885029159952,
    0.029364314352278598,
    0.030494631922920235,
    0.02982873102882877,
    0.029073898040223867,
    0.029599586327094585,
    0.02966054067655932,
    0.028197135936352424,
    0.028623050122405402,
    0.027490782173117623,
    0.027544170065084472,
    0.028288497567700688,
    0.028621930556255393,
    0.027107265806989744,
    0.02699889631185215,
    0.027479480937472545,
    0.027958728853263892,
    0.02699247992131859,
    0.026943285440211184,
    0.026925394442514516,
    0.026439835812197998,
    0.026208622090052813,
    0.02671290547004901,
    0.026216887912596576,
    0.026450830468093045,
    0.026073490429553203,
    0.025659747901954688,
    0.026465916060260497,
    0.025724130944581702,
    0.026390961895231158,
    0.025757025796337985,
    0.02600365127727855,
    0.026463387956027873,
    0.025908061623340473,
    0.02550257000984857,
    0.026140676258364692,
    0.0258620212553069,
    0.026820622049854137,
    0.025594280814402737,
    0.026048020750749856,
    0.025851321377558634,
    0.02508713584393263,
    0.026550399663392454,
    0.02609923860291019,
    0.025430918918573298,
    0.025889453856507316,
    0.02617025173822185,
    0.025720608318806626,
    0.02566970940097235,
    0.02556658917455934,
    0.025593969723558985,
    0.025748652624315582,
    0.025484960904577747,
    0.025482394397840835,
    0.025572867831215262,
    0.02558725728886202,
    0.026206310038105585,
    0.026165229894104414,
    0.025976788892876357,
    0.02536630816757679,
    0.025153555427095853,
    0.025345375732285902,
    0.02510643663117662,
    0.0252807573415339,
    0.024930177169153467,
    0.02548077772371471,
    0.025531175037031062,
    0.02533072978258133,
    0.025244495045626536,
    0.02456531579809962,
    0.024971996346721426,
    0.025120631129539106,
    0.02479068642423954,
    0.0244056690717116,
    0.024588867352576926,
    0.024955699365818873,
    0.02467337426787708,
    0.02499977518164087,
    0.025182774392305873,
    0.024834020165144466,
    0.024843835315550677,
    0.02519023249624297,
    0.02488321322016418,
    0.02410870330641046,
    0.02472805076104123,
    0.024633648346934933,
    0.024127640026563313,
    0.024880671364371665,
    0.02436303938156925,
    0.024314012269314844,
    0.0251632445215364,
    0.02507526456611231,
    0.024863902872311883,
    0.024766940681729466,
    0.02484845824074,
    0.024787714777630754,
    0.024068011429335456,
    0.024446684154099785,
    0.024444587019388564,
    0.024215503472078126,
    0.024844153158483095,
    0.024445036411634646,
    0.024019409145694226,
    0.024254314004792832,
    0.024526766770577524,
    0.024215064229792915,
    0.023959668455063365,
    0.024905732920160517,
    0.02460034999239724,
    0.024007915293623228,
    0.023964089719811454,
    0.02400935186597053,
    0.023829839905374683,
    0.024462695990223438,
    0.023963847670529503,
    0.024662599797011353,
    0.02459620853915112,
    0.0241823349497281,
    0.024274920666357502,
    0.02458868204848841
  ],