{
  "seed": 42,
  "num_views": 15,
  "token_dim": 5,
  "num_buses": 30,
  "device": "cuda",
  "epochs": 1500,
  "embed_dim": 128,
  "num_layers": 6,
  "batch_size": 42,
  "mask_ratio": 0.75,
  "lr": 0.0001,
  "weight_decay": 1e-05,
  "patience": 25,
  "memory_efficient": true,
  "accumulation_steps": 2,
  "timestamp": "2025-11-02T21:31:55.237592Z",
  "training_losses": [
    1.4722351896762846,
    0.9203897221883139,
    0.7529937175909678,
    0.618202543258667,
    0.608836483558019,
    0.5804295241832733,
    0.5715175886948903,
    0.5611141121387482,
    0.5733745129903157,
    0.5612447204192479,
    0.5373645790417989,
    0.5231719346841176,
    0.5124373598893484,
    0.488828801115354,
    0.4715190162261327,
    0.46323261082172396,
    0.4547502450148264,
    0.4596022162834803,
    0.4367570038636527,
    0.43089544196923574,
    0.42416732013225555,
    0.4175309193134307,
    0.4092539225021999,
    0.41182684719562535,
    0.4060827898979187,
    0.3989219256242117,
    0.39446026921272276,
    0.39443931976954144,
    0.38857042968273164,
    0.37946508467197415,
    0.3787309209505717,
    0.3793069873253504,
    0.3735994484027227,
    0.36955556829770403,
    0.36332447032133736,
    0.34982759475708003,
    0.3486864942312241,
    0.3413509805997213,
    0.33160065432389574,
    0.3262969567378362,
    0.3235488982995351,
    0.311235430041949,
    0.30592001497745513,
    0.303343886534373,
    0.30217137853304543,
    0.2940536177158356,
    0.2876106441020966,
    0.28355999549229943,
    0.28193444679180785,
    0.278773812353611,
    0.2745483249425888,
    0.27707610875368116,
    0.26591293563445406,
    0.2577693543831507,
    0.2568194295962652,
    0.25017468829949696,
    0.2434812744458516,
    0.24236376971006393,
    0.23695771624644596,
    0.23113269726435343,
    0.23200036366780602,
    0.22474379102389017,
    0.2247473023335139,
    0.21293737560510634,
    0.20899777283271154,
    0.20995547552903493,
    0.20510709186395007,
    0.19904023855924607,
    0.1978951519727707,
    0.19370880117019018,
    0.18623956610759101,
    0.17817791839440666,
    0.17596075281500817,
    0.17405453185240427,
    0.17606872896353404,
    0.16739072203636168,
    0.16630202015240986,
    0.1630671925842762,
    0.1626421625415484,
    0.1574415552616119,
    0.1580596258242925,
    0.15502697855234146,
    0.1584707001845042,
    0.15367788687348366,
    0.1492962078253428,
    0.14618673865993817,
    0.1464660082757473,
    0.1443481553097566,
    0.1445590550204118,
    0.14170953273773196,
    0.14262662753462793,
    0.13755717153350513,
    0.13730584169427554,
    0.13673384845256809,
    0.1316827010611693,
    0.1332114997506142,
    0.13198357567191124,
    0.13140473847587902,
    0.1299392218887806,
    0.12940030311544737,
    0.12741289382179577,
    0.12465726723273593,
    0.12249374439318975,
    0.12611087530851364,
    0.12410223623116812,
    0.12004940460125606,
    0.12042014330625535,
    0.11950922106703121,
    0.12015364249547322,
    0.12254573797186215,
    0.11644571771224341,
    0.11586753239234289,
    0.1106673647960027,
    0.11427902842561403,
    0.1152115917702516,
    0.11352024078369141,
    0.1132921422024568,
    0.1094565438727538,
    0.11029901603857677,
    0.1115628736714522,
    0.11051603332161904,
    0.10442109843095145,
    0.10535408849517505,
    0.10144026845693588,
    0.10514569188157719,
    0.10217136710882187,
    0.10239200090368587,
    0.10267424941062926,
    0.09576159238815307,
    0.0975796426832676,
    0.10192629287640254,
    0.0995362695803245,
    0.09904946486155193,
    0.09739817475279174,
    0.09745059018333754,
    0.09376004666090013,
    0.09555796372393768,
    0.09467409317692121,
    0.09287156874934832,
    0.09159845886131127,
    0.09241382107138633,
    0.09188546327253182,
    0.09044956559936204,
    0.09127761823435625,
    0.08938354149460793,
    0.08835749420026938,
    0.08734004229307173,
    0.0880809286236763,
    0.08624391426642737,
    0.08593841247260571,
    0.08685355573892592,
    0.08922490832706294,
    0.08616667412221432,
    0.08604135597745578,
    0.08598684176802636,
    0.08158373149732749,
    0.08234981519480546,
    0.08274311987062295,
    0.0818736310551564,
    0.07883247377971807,
    0.08028021057446796,
    0.079044312586387,
    0.08040404585500559,
    0.07904682487249375,
    0.0783551637083292,
    0.0766190731525421,
    0.07684959928194682,
    0.07755003973841666,
    0.07815121009945869,
    0.07786827236413957,
    0.0758198048422734,
    0.07542824034889539,
    0.07720833271741867,
    0.07693920212487379,
    0.07627385626236596,
    0.07566426013906798,
    0.07675304119785628,
    0.07513923140863578,
    0.0742601602524519,
    0.0724457684159279,
    0.07437866568565368,
    0.07307303642233212,
    0.07235854275524616,
    0.07254540433486302,
    0.07237237744033337,
    0.07284671525160472,
    0.07175448228915533,
    0.07231381525595984,
    0.07211709571381411,
    0.07150089904665946,
    0.07212811864912509,
    0.07039168124397596
  ],