{
  "seed": 42,
  "num_views": 30,
  "token_dim": 5,
  "num_buses": 30,
  "device": "cuda",
  "epochs": 1500,
  "embed_dim": 128,
  "num_layers": 6,
  "batch_size": 21,
  "mask_ratio": 0.75,
  "lr": 0.0001,
  "weight_decay": 1e-05,
  "patience": 25,
  "memory_efficient": true,
  "accumulation_steps": 2,
  "timestamp": "2025-11-02T22:34:03.510021Z",
  "training_losses": [
    2.160505665342013,
    1.1322260757287343,
    0.8179733569423359,
    0.6616981799403827,
    0.6138965944449107,
    0.5887895743052165,
    0.5770205999414126,
    0.5644389060636361,
    0.5549351568023364,
    0.5513169447580973,
    0.5425114820400874,
    0.5472157053649426,
    0.5408176474273205,
    0.6251551643013954,
    0.5735593423247337,
    0.5671010971069336,
    0.5400831195215384,
    0.5129306765894095,
    0.5165412897864977,
    0.511556651443243,
    0.5019219681620598,
    0.5062920634945234,
    0.49751190021634106,
    0.4973209654291471,
    0.48908241937557856,
    0.48058307245373727,
    0.4854067074755828,
    0.49245802536606786,
    0.4797332641979059,
    0.48386473432183263,
    0.48964909960826236,
    0.47323054348429044,
    0.45609887689352036,
    0.47486770252386734,
    0.48667609865466754,
    0.4557718425989151,
    0.44858563865224516,
    0.4372106954455376,
    0.435583141942819,
    0.41813184892137845,
    0.40925504739085833,
    0.40305198803544046,
    0.4037206433713436,
    0.41179144680500035,
    0.39210554460684455,
    0.38880452141165733,
    0.387117304901282,
    0.39442785978317263,
    0.38913328399260844,
    0.39082474733392397,
    0.3759994372725487,
    0.37037203113238015,
    0.3728179144362609,
    0.37965163017312686,
    0.36757902676860493,
    0.37194848110278445,
    0.3638562376300494,
    0.36695361137390137,
    0.36285898188749943,
    0.35754076689481734,
    0.3549759348233541,
    0.35372631674011545,
    0.3541421448191007,
    0.34957185486952463,
    0.35501085296273227,
    0.34960772767663,
    0.3487862216929595,
    0.35388453329602876,
    0.34686308205127714,
    0.34447962592045467,
    0.34116150836149856,
    0.3383703110118707,
    0.33392108579476676,
    0.3365306859215101,
    0.33241653045018515,
    0.32785562028487525,
    0.3290072225034237,
    0.3269305554529031,
    0.3269128849109014,
    0.324803697069486,
    0.3257295943796635,
    0.32236388623714446,
    0.3287799430390199,
    0.3192001308004061,
    0.31986112222075463,
    0.3214025852580865,
    0.31591455166538557,
    0.31755363444487256,
    0.31705051635702447,
    0.31672315696875253,
    0.31184090003371234,
    0.3122645365695159,
    0.3130258350322644,
    0.3101451190809409,
    0.31389540682236355,
    0.30527964904904364,
    0.3164540439844131,
    0.3202969306459029,
    0.31773328557610514,
    0.3118368831773599,
    0.308303539827466,
    0.30332403791447476,
    0.30160848461091516,
    0.29970846672852836,
    0.3002173903087775,
    0.3000166875620683,
    0.30260581274827325,
    0.29891715173919997,
    0.29644423897067707,
    0.29561422305802504,
    0.2963277984410524,
    0.29538363702595233,
    0.2923257804165284,
    0.29547155511875944,
    0.2895878235499064,
    0.286738749096791,
    0.2877627690633138,
    0.2859430156648159,
    0.28489878550171854,
    0.2866524517536163,
    0.28429907349248723,
    0.2848876516024272,
    0.28373843990266323,
    0.2835565607994795,
    0.28368552463750046,
    0.2809501039485137,
    0.2825323570519686,
    0.2783406816422939,
    0.28010407102604706,
    0.2820926159620285,
    0.28026003191868465,
    0.278153249497215,
    0.2771267555654049,
    0.27480221626659235,
    0.2773595018933217,
    0.2728352982550859,
    0.2746975763390462,
    0.2761111348867416,
    0.27428962774574756,
    0.27450281170507274,
    0.26890937735637027,
    0.27628110696872077,
    0.27114786530534424,
    0.2669446403781573,
    0.26800631470978264,
    0.27102844553689165,
    0.26624376947681105,
    0.26823849342763423,
    0.26699186824262144,
    0.2670568217833837,
    0.2704460835705201,
    0.2646547369658947,
    0.2651775489250819,
    0.26630876983205476,
    0.26418975020448365,
    0.26271040762464204,
    0.26597642675042155,
    0.2635784619798263,
    0.26103803689281146,
    0.2606819968670607,
    0.26286067863305407,
    0.26217586596806847,
    0.26074776463210586,
    0.2604959490398566,
    0.2600661197056373,
    0.2603059948732455,
    0.2626606305440267
  ],