{
  "seed": 42,
  "num_views": 50,
  "token_dim": 5,
  "num_buses": 30,
  "device": "cuda",
  "epochs": 1500,
  "embed_dim": 128,
  "num_layers": 6,
  "batch_size": 12,
  "mask_ratio": 0.75,
  "lr": 0.0001,
  "weight_decay": 1e-05,
  "patience": 25,
  "memory_efficient": true,
  "accumulation_steps": 2,
  "timestamp": "2025-11-03T01:19:15.819673Z",
  "training_losses": [
    1.294055431314877,
    0.6856215696675436,
    0.6258651913489616,
    0.5980751275590487,
    0.5810142510277886,
    0.5602875300816128,
    0.5561810555628368,
    0.5656554814321655,
    0.5258598470262119,
    0.5084287654927799,
    0.4879278709207263,
    0.5249124605740819,
    0.4564174854755402,
    0.43166027149983816,
    0.4264997947641781,
    0.42131562867334915,
    0.41683007453169146,
    0.4175037795730999,
    0.40262466507298605,
    0.3967338652695928,
    0.3943388551473617,
    0.39189706549048425,
    0.3846609761033739,
    0.38188717420612056,
    0.38279005731855115,
    0.37345776019351834,
    0.36594335247363363,
    0.36913290730544496,
    0.3702307260249343,
    0.3646310208099229,
    0.349200188432421,
    0.34628850311040876,
    0.34663161686488564,
    0.34037498610360284,
    0.33863246640988753,
    0.32081556767225267,
    0.32727704737867624,
    0.3172100929915906,
    0.3073977047630718,
    0.2976318457935538,
    0.3008774252023016,
    0.30326528949396947,
    0.28447299163256373,
    0.2879790865949222,
    0.29061583167740274,
    0.27857857808470726,
    0.269005365137543,
    0.2632408621268613,
    0.2542779673635959,
    0.250250407478639,
    0.24629889171038352,
    0.247038818480713,
    0.2443098904618195,
    0.23597543154444015,
    0.22970163104789604,
    0.2259479636166777,
    0.2233928762589182,
    0.22081121519207955,
    0.2180463067335742,
    0.21231294962976663,
    0.2121739228389093,
    0.21102326530430998,
    0.20277458462331974,
    0.19740033051797323,
    0.19913932848189556,
    0.1974233805281775,
    0.19454316555389334,
    0.19093427894370896,
    0.1870751754620246,
    0.18376709141901568,
    0.18022062276090894,
    0.1733204711335046,
    0.1755547630574022,
    0.1706705378634589,
    0.16579116137964386,
    0.16710538792823043,
    0.15532253648553573,
    0.15717238855149065,
    0.15291254999382153,
    0.15353270656296186,
    0.14265405220644814,
    0.14485126646501678,
    0.14581392682024413,
    0.14773763901421,
    0.1391342680156231,
    0.13670603210372584,
    0.13652386468436037,
    0.13479832029236213,
    0.1332099511474371,
    0.12615155815013818,
    0.1332685891113111,
    0.12835413775273732,
    0.12546716623008253,
    0.1276292407406228,
    0.12430123894874535,
    0.12407154986900941,
    0.11541588065879685,
    0.11822919233036891,
    0.11926679119999918,
    0.11543858311538184,
    0.1139650706733976,
    0.11279966612479515,
    0.11019039809703826,
    0.10765159531895603,
    0.11083950961274759,
    0.10539904453392539,
    0.10293400128505062,
    0.09960432987127985,
    0.10539490819509541,
    0.10335596599749157,
    0.10078797964645282,
    0.10035188117197581,
    0.0952389146387577,
    0.09505895348531859,
    0.09444175467427288,
    0.0936413174229009,
    0.09399297001638583,
    0.09405655071139336,
    0.09634693641747748,
    0.09412865418408599,
    0.09388491804046291,
    0.08821623032114335,
    0.09006012920290231,
    0.08909860927079405,
    0.08946725962417466,
    0.08654692494975669,
    0.08442139956035785,
    0.08916191569396427,
    0.08285671976527999,
    0.08349471182695457,
    0.07949545509048869,
    0.07699843580701522,
    0.07533089972500291,
    0.07427813957844463,
    0.07239891073533467,
    0.07215880641447646,
    0.07234981692795242,
    0.07179934712925129,
    0.07331872200327261,
    0.07314872119575737,
    0.07208389368972608,
    0.07233468053064177,
    0.07092218204800572,
    0.06723580731345073,
    0.06765487726245609,
    0.0665469627827406,
    0.06661410541140607,
    0.0677537792628365,
    0.06663141351725374,
    0.06781168709109937,
    0.0652196117118001,
    0.06544848439150623,
    0.06569510066881776,
    0.06504499526162232,
    0.06550591890833207,
    0.06716700417654856,
    0.06510030854493379,
    0.06412103697657585,
    0.06586070467850992,
    0.0655132115446031,
    0.06296837846083302,
    0.06456137018810426,
    0.06419257150430764,
    0.06444112530244248,
    0.06450857333572847,
    0.062448361835309434,
    0.06322316228012952,
    0.06216163683150496,
    0.06254837653466634,
    0.06161569345210279,
    0.06202761089163167,
    0.06206720408318297,
    0.06116614009120634,
    0.06134881457047803,
    0.061585241952644934,
    0.060169043849621504,
    0.061045917009136516,
    0.060437467710248084,
    0.06106062088693893,
    0.06021776139203992,
    0.06007930098899773,
    0.05981796907793198,
    0.06140440708292382,
    0.058977708023573674,
    0.05994731769231813,
    0.059208557209266086,
    0.0600567379327757,
    0.06081991573529584,
    0.058869783649487153,
    0.0584617721874799,
    0.06091212587164981,
    0.059007504292364635,
    0.05948158949879662,
    0.0601787065501724,
    0.05925890100055508,
    0.05874136923413192,
    0.05927492389987623,
    0.05930624985269139,
    0.05926171001046897,
    0.058118768342371493,
    0.05934652608420168,
    0.05845575276230062,
    0.05767171470182282,
    0.05915299375674554,
    0.05828454566587295,
    0.059934085833707025
  ],