{
  "seed": 42,
  "num_views": 10,
  "token_dim": 5,
  "num_buses": 30,
  "device": "cuda",
  "epochs": 1500,
  "embed_dim": 128,
  "num_layers": 6,
  "batch_size": 64,
  "mask_ratio": 0.75,
  "lr": 0.0001,
  "weight_decay": 1e-05,
  "patience": 25,
  "memory_efficient": true,
  "accumulation_steps": 2,
  "timestamp": "2025-11-02T21:12:42.955287Z",
  "training_losses": [
    2.2919284820556642,
    1.7056901156902313,
    1.4783661484718322,
    1.4912368416786195,
    0.8849364221096039,
    1.5539494633674622,
    1.1680878043174743,
    0.7330425798892974,
    1.214104062318802,
    0.8706645935773849,
    0.6884554594755172,
    0.8768461167812347,
    0.7159063428640365,
    0.6836325556039811,
    0.6614821910858154,
    0.6488614231348038,
    0.6099901854991913,
    0.6066943645477294,
    0.558968959748745,
    0.5884101301431656,
    0.5750274658203125,
    0.5701248586177826,
    0.5270166352391243,
    0.5355895295739174,
    0.5524724483489991,
    0.5331584125757217,
    0.5411638498306275,
    0.5405354291200638,
    0.5116917237639427,
    0.516059148311615,
    0.5129017591476441,
    0.5344671651721,
    0.5260275050997734,
    0.5174745202064515,
    0.5180341020226478,
    0.5003838986158371,
    0.5050495088100433,
    0.5214279294013977,
    0.5019812241196633,
    0.4782678857445717,
    0.4941630080342293,
    0.5076095193624497,
    0.5054742574691773,
    0.5281003236770629,
    0.49660726934671406,
    0.5268239185214043,
    0.5439762473106384,
    0.5057204350829124,
    0.5251358687877655,
    0.503042857348919,
    0.4851550757884979,
    0.4940243914723396,
    0.4875892549753189,
    0.5193661093711852,
    0.45419380962848666,
    0.493242421746254,
    0.4840875297784806,
    0.5031360641121865,
    0.47067957669496535,
    0.4768732607364654,
    0.4720028951764107,
    0.47679878324270253,
    0.4843414559960365,
    0.45300727933645246,
    0.44537889808416364,
    0.4410417035222054,
    0.484036411345005,
    0.4706805765628815,
    0.4448257401585579,
    0.49782835841178896,
    0.48399296700954436,
    0.428397910296917,
    0.45950014591217037,
    0.4537400647997856,
    0.4180345952510834,
    0.4534697815775871,
    0.4249877199530602,
    0.4163277670741081,
    0.43571092635393144,
    0.4079171285033226,
    0.3957897946238518,
    0.40753214806318283,
    0.39900566935539244,
    0.39102878719568257,
    0.391145695745945,
    0.4157139077782631,
    0.38925047367811205,
    0.4272223860025406,
    0.384411270916462,
    0.41450379639863966,
    0.41285208612680435,
    0.4081298217177391,
    0.38460175991058354,
    0.42150512039661403,
    0.3954470932483673,
    0.3875155791640282,
    0.40198648124933245,
    0.4238909810781479,
    0.3882775336503983,
    0.39734873324632647,
    0.38801741153001784,
    0.3871272876858711,
    0.3781167268753052,
    0.3750569596886635,
    0.3967389807105064,
    0.38441596180200577,
    0.3797925278544426,
    0.3745182499289513,
    0.3836841195821762,
    0.35076149702072146,
    0.3657291680574417,
    0.3743192672729492,
    0.3923693343997002,
    0.38162051588296886,
    0.36383643597364423,
    0.3645098194479942,
    0.3749810412526131,
    0.3694970816373825,
    0.3781332090497017,
    0.3641568422317505,
    0.3721387982368469,
    0.39415750503540037,
    0.3614525005221367,
    0.3634810417890549,
    0.34457561671733855,
    0.3800142928957939,
    0.36559627652168275,
    0.3585214152932167,
    0.37301827371120455,
    0.36550149172544477,
    0.35530140846967695,
    0.3441938847303391,
    0.343975068628788,
    0.34511672556400297,
    0.36326644867658614,
    0.3623969480395317,
    0.33670994192361836,
    0.37773011028766634,
    0.3434680670499802,
    0.35864351540803907,
    0.36175176650285723,
    0.35032615810632706,
    0.3588827848434448,
    0.37129530906677244,
    0.34382430911064144,
    0.3830895751714707,
    0.32941283732652665,
    0.3740548372268677,
    0.33511667102575304,
    0.36374394595623016,
    0.3446600541472435,
    0.33386764526367185,
    0.3595621451735497,
    0.3367932587862015,
    0.35501123070716856,
    0.32148699685931204,
    0.3601692825555801,
    0.3423357829451561,
    0.34317881762981417,
    0.34469484388828275,
    0.36127062588930126,
    0.36404985636472703,
    0.3422084584832191,
    0.3449410602450371,
    0.3280652165412903,
    0.33744018822908406,
    0.37291126102209093,
    0.35461895167827606,
    0.3395806133747101,
    0.3588057592511177,
    0.3391954943537712,
    0.3293967112898827,
    0.353893019258976,
    0.33067537099123
  ],