{
  "seed": 42,
  "num_views": 10,
  "token_dim": 5,
  "num_buses": 30,
  "device": "cuda",
  "epochs": 1500,
  "embed_dim": 128,
  "num_layers": 6,
  "batch_size": 64,
  "mask_ratio": 0.75,
  "lr": 0.0001,
  "weight_decay": 1e-05,
  "patience": 25,
  "memory_efficient": true,
  "accumulation_steps": 2,
  "timestamp": "2025-11-03T23:18:02.297762Z",
  "training_losses": [
    0.7197597265008864,
    0.438276532409698,
    0.36615553181471794,
    0.29979427424002814,
    0.23958498402608672,
    0.18021070533615394,
    0.14968036725295802,
    0.1330820422531582,
    0.11944239408833775,
    0.10782379017864156,
    0.09699337756129231,
    0.08803986851565951,
    0.08109479390202078,
    0.07519054247697039,
    0.07023318185522329,
    0.06717324362789083,
    0.06287540765845871,
    0.05937397288759861,
    0.05739453346651842,
    0.055304125499889605,
    0.05276761059685954,
    0.05123247711325253,
    0.04894835534322214,
    0.04728350903633541,
    0.04591914030363946,
    0.04458793372385147,
    0.04399263086750751,
    0.042521683361351946,
    0.04159513831314609,
    0.04113395883019748,
    0.039661906916266816,
    0.038871791360415804,
    0.037584844763999384,
    0.0375323617493543,
    0.03671356600921924,
    0.03603531771493476,
    0.035342668158214866,
    0.03534729821006146,
    0.03510243621486145,
    0.03385006598541585,
    0.033271934926568505,
    0.03265872580314597,
    0.03252355550511145,
    0.032352352601395365,
    0.03141844936125859,
    0.030920721093324693,
    0.03040075838771158,
    0.030457230330276207,
    0.030093498359338982,
    0.02951384077919281,
    0.029153275400341502,
    0.02812568342210506,
    0.028293790207721124,
    0.02796043520059996,
    0.027936518398355557,
    0.027351954310223102,
    0.027203611866021007,
    0.02694454312353857,
    0.02674678407726795,
    0.02621087440487555,
    0.025995698359274247,
    0.0266729716020893,
    0.02561804291124888,
    0.02536498390460811,
    0.02584809178090472,
    0.024665650128438264,
    0.024150657678741642,
    0.024278546348360807,
    0.02419407409725814,
    0.023707046000448265,
    0.023924706280818147,
    0.023744624102942813,
    0.02327624976517647,
    0.023296524137698518,
    0.022845876170688968,
    0.02305042461279458,
    0.022894590003342614,
    0.022149681511122413,
    0.02208532882326349,
    0.021990893460722187,
    0.02180900433078761,
    0.021590786623790503,
    0.021788980860233783,
    0.02162255042078575,
    0.02170226966272892,
    0.02086052679141441,
    0.02129673438410707,
    0.020812447977758292,
    0.020589345414924812,
    0.021067154278436043,
    0.020495018787594056,
    0.02047280749658079,
    0.020581560352391864,
    0.020468739013180255,
    0.01990437456003324,
    0.01968770215698467,
    0.019372924243459315,
    0.018240669020634932,
    0.01831585323276717,
    0.018198146709922966,
    0.017733104598129126,
    0.01746812468453303,
    0.0178964817801153,
    0.017946357460413852,
    0.01785033247690266,
    0.01765057825901376,
    0.017742697700608795,
    0.017449998891523735,
    0.017592657790849286,
    0.017341413458911922,
    0.017139831409738286,
    0.01735270352388813,
    0.017114783359295505,
    0.017100184776739576,
    0.016333779278321303,
    0.016312075265881236,
    0.01606490887100185,
    0.016167792163818608,
    0.01609367800905832,
    0.01607452975182728,
    0.015928522557181517,
    0.015803676015719414,
    0.015600583222731364,
    0.015836157629955713,
    0.015728998665998535,
    0.01595328203732457,
    0.015980883754833825,
    0.01581955109759578,
    0.015657039053782115,
    0.015671470137239674,
    0.01557250353214367,
    0.015503738163127091,
    0.015229028095967895,
    0.01505097464335656,
    0.015235038348436944,
    0.01514107437628343,
    0.015026826439718678,
    0.014806813273696215,
    0.014908941253271753,
    0.015043092560844393,
    0.014989339635802767,
    0.01498071680974773,
    0.014834424010001299,
    0.014887235503951752,
    0.01504087938384454,
    0.014828405360962577,
    0.014822486113375567,
    0.015013313467988348,
    0.015037029382486751,
    0.014909783367610238,
    0.015013686428946535,
    0.01491990984769494,
    0.014885502080909732,
    0.01467588053590904,
    0.014715809000685344,
    0.01464039050885953,
    0.014623038625843288,
    0.014827038928147724,
    0.014516237406720093,
    0.014817123878453903,
    0.014501839774976091,
    0.014848323254736043,
    0.014443413366922946,
    0.014558506223893776,
    0.014637346740988069,
    0.014504954562793802,
    0.014508416713398743,
    0.014428998245014332,
    0.014489660213708762,
    0.014387347858663151,
    0.014205623933986767,
    0.01444134271417664,
    0.014336652900495626,
    0.014250712506619724,
    0.014363844546408749,
    0.01436712352676302,
    0.014162745548954865,
    0.01421431357070334,
    0.014207094366933536,
    0.014200293523530791,
    0.013988855704445184,
    0.014112368775678312,
    0.014235991053649878,
    0.013937525671914102,
    0.014029098518090111,
    0.014133012487633717,
    0.014060554704372225,
    0.01414071586107703,
    0.01396678360802392,
    0.01402102825341849,
    0.013875433942669727,
    0.014070268974485475,
    0.013893154555726355,
    0.013854215881882572,
    0.013862544315405135,
    0.013960649293488055,
    0.013926029695183273,
    0.014079160168840307,
    0.01379068440750359,
    0.013981944042089295,
    0.014062114664184758,
    0.01402578405801236,
    0.013976555476771802,
    0.013936978800031613,
    0.01391630306781277,
    0.01386718476689825,
    0.013799785021105855,
    0.0139952023700613,
    0.013885809332279005,
    0.013914749450526948,
    0.013766933888138287,
    0.01386716583941689,
    0.01383438630938882,
    0.01378162624901087,
    0.013783288780071833,
    0.013841517143846148,
    0.013745042207232846,
    0.013990491139519166,
    0.013832864221038776,
    0.01385163741046929,
    0.013936291057543132,
    0.01387195101807143,
    0.013792626384836361,
    0.0138098990669342,
    0.013869074114972329,
    0.013654850726199196,
    0.01375026606411975,
    0.013934973866392782,
    0.013884372954938827,
    0.013785673543356176,
    0.013671688345356247,
    0.013579355529326152,
    0.013703086055947222,
    0.013559948904146475,
    0.013767560800229466,
    0.013710567257990402,
    0.013803985141085714,
    0.013641977440712492,
    0.013637264860119291,
    0.013906476502930091
  ],