{
  "seed": 42,
  "num_views": 20,
  "token_dim": 5,
  "num_buses": 30,
  "device": "cuda",
  "epochs": 1500,
  "embed_dim": 128,
  "num_layers": 6,
  "batch_size": 32,
  "mask_ratio": 0.75,
  "lr": 0.0001,
  "weight_decay": 1e-05,
  "patience": 25,
  "memory_efficient": true,
  "accumulation_steps": 2,
  "timestamp": "2025-11-04T09:12:56.600320Z",
  "training_losses": [
    0.5588925975748875,
    0.35029283735285127,
    0.23226106548168543,
    0.15880066842632742,
    0.13164629653961515,
    0.11143780969061304,
    0.09523913856874414,
    0.08170977975021841,
    0.07150779000637447,
    0.06303077951608974,
    0.05743464000017096,
    0.05311138206418221,
    0.049551099413037904,
    0.04673331739586286,
    0.04478987842196905,
    0.042410319397504614,
    0.04036590501292074,
    0.03913456278405787,
    0.03763063006455034,
    0.03647498247107331,
    0.03521070091721168,
    0.03459824829061669,
    0.03310648712181068,
    0.0318694173805709,
    0.03134925431868897,
    0.030736908083323283,
    0.029416050505824375,
    0.029089967813709487,
    0.028817314924360595,
    0.027992371202897506,
    0.027166989091673758,
    0.02639515964996332,
    0.02600470511911908,
    0.025683551568787273,
    0.024979217731445194,
    0.024558374613310823,
    0.024335985757615856,
    0.02380526157052029,
    0.02345686973710581,
    0.02312669600387596,
    0.022806966628083646,
    0.02272367040795369,
    0.022253668240700512,
    0.021838671986039324,
    0.021464173822282398,
    0.021093814414705883,
    0.02108589441251508,
    0.020623285145000156,
    0.02089084756476291,
    0.020268436512950152,
    0.019832818849584252,
    0.019742880525401126,
    0.019440474766434918,
    0.019079625939283026,
    0.019458723761412628,
    0.019157702500535913,
    0.01883307613714737,
    0.01883698757820375,
    0.01863291460487215,
    0.01815988056510174,
    0.017982674913854885,
    0.01751689679378014,
    0.01806038170512106,
    0.018038420488152244,
    0.017510982664983996,
    0.01697532135918077,
    0.017101179136102658,
    0.01678691210791719,
    0.01710651463500818,
    0.016746129289610435,
    0.01674064703553357,
    0.016497033299955232,
    0.01652153911523696,
    0.01606618112052139,
    0.0158259125834782,
    0.01575444367582228,
    0.015868912413752982,
    0.015438407887319679,
    0.015627382792290447,
    0.01549982787242826,
    0.015342939474003935,
    0.015346503489757118,
    0.015338432823590141,
    0.01523153332811889,
    0.015097389960896195,
    0.015275544576726377,
    0.014731191907639014,
    0.014631620761901715,
    0.014878805191256105,
    0.014579036827455828,
    0.014196512914413043,
    0.014058451441035968,
    0.01414908406711513,
    0.014086509232893297,
    0.014286544053782305,
    0.01426852370523407,
    0.013781888005928701,
    0.013406656570750929,
    0.013816409663885736,
    0.013557616533898554,
    0.013855655694849742,
    0.012364912961103666,
    0.012079847368455719,
    0.011854903170046966,
    0.011878929596199973,
    0.011900715528360358,
    0.011865633169113923,
    0.011717799653878477,
    0.011843380062862882,
    0.011641901217980352,
    0.011779335689892279,
    0.011488878294435057,
    0.01158113594425432,
    0.011375951266886052,
    0.010885622501639118,
    0.010710466759669864,
    0.01059565121678299,
    0.010607834282472327,
    0.010648524917627312,
    0.010441094021565879,
    0.010499584283193896,
    0.010487043240939922,
    0.010407119705781754,
    0.010689381784236972,
    0.0105367067713184,
    0.010299602774518187,
    0.010422694915538941,
    0.010374237325658476,
    0.010448160553836879,
    0.01036726953938427,
    0.010332251249997707,
    0.01029121739515764,
    0.010204981490062168,
    0.01031373902998577,
    0.010155877426879002,
    0.010018015345219362,
    0.010100231426548005,
    0.010166936253168155,
    0.010191957538628468,
    0.010150459475446804,
    0.010049932550017418,
    0.01001412102661102,
    0.010116833247799854,
    0.010066987614479191,
    0.010009452183208397,
    0.009767868931407079,
    0.009591006413450487,
    0.009660776884626875,
    0.009663294347949096,
    0.009528787070555303,
    0.009585350470463418,
    0.009579039124430951,
    0.009618962101462318,
    0.009433626991881819,
    0.009462726854134396,
    0.009452282761243776,
    0.009431476515028485,
    0.009421416846659465,
    0.009500993528920334,
    0.009495615852285373,
    0.009524020627663493,
    0.00943361590854735,
    0.009257582902833163,
    0.00936091699606306,
    0.009419108457738674,
    0.009323846633173892,
    0.009340470333425078,
    0.00929354058196364,
    0.009384253777162083,
    0.009286741252097587,
    0.009338388557630169,
    0.009304178380966551,
    0.00926949379348753,
    0.009247284300357657,
    0.00919886412461999,
    0.009160704530938712,
    0.009037081632986813,
    0.009044518804005317,
    0.009052725067805856,
    0.009017420738227814,
    0.008989700730055878,
    0.009098575031613987,
    0.008980790618257082,
    0.009207527839448526,
    0.009111303925527055,
    0.009077590428004918,
    0.009010258667752154,
    0.009071814504453884,
    0.009063770663952015,
    0.00897875557150361,
    0.008920864476528978,
    0.00898276188756398,
    0.008911159098254675,
    0.008967121039869217,
    0.008886205717714094,
    0.008908275950894377,
    0.00896470352943609,
    0.00895299031060028,
    0.008975166301279681,
    0.008966130653706076,
    0.008926665311721411,
    0.008896653192332304,
    0.0090079838192314,
    0.00878110828687525,
    0.008924686320412057,
    0.008887834924751686,
    0.008818263138459237,
    0.008792749366642339,
    0.008837123781600302,
    0.00873934887097525,
    0.00884305819643086,
    0.008699306351862347,
    0.008833369184890395,
    0.008731314531751124,
    0.008805603926174523,
    0.008801199020093723,
    0.008751601936647622,
    0.008808577580901783,
    0.008847070062179191,
    0.008761330549586858,
    0.008855723444918744,
    0.0087207825771005,
    0.00879568237175168,
    0.008779050538492369,
    0.00870443003020235,
    0.008730823884252453,
    0.008676909455089043,
    0.008726221601585081,
    0.008659150953061773,
    0.008797573162184106,
    0.008711449430996965,
    0.008682041286672356,
    0.008771576060075678,
    0.008785462310798025,
    0.008711395278622537,
    0.008670531294270098,
    0.008744871039007701
  ],