{
  "seed": 42,
  "num_views": 40,
  "token_dim": 5,
  "num_buses": 30,
  "device": "cuda",
  "epochs": 1500,
  "embed_dim": 128,
  "num_layers": 6,
  "batch_size": 16,
  "mask_ratio": 0.75,
  "lr": 0.0001,
  "weight_decay": 1e-05,
  "patience": 25,
  "memory_efficient": true,
  "accumulation_steps": 2,
  "timestamp": "2025-11-03T00:04:34.782916Z",
  "training_losses": [
    1.8478496074676514,
    0.9786093881974618,
    0.797185542434454,
    0.6636626695593199,
    0.6625148066629966,
    0.6194657241304716,
    0.6208802767097951,
    0.5729216498012344,
    0.592108271519343,
    0.5350351367145777,
    0.6021217382202546,
    0.5917270332574845,
    0.6162400106589,
    0.4944373302161693,
    0.561017548168699,
    0.5363020506997903,
    0.5056549396986764,
    0.5231806240975857,
    0.5914505853007237,
    0.5316450970868271,
    0.5262304806460937,
    0.44705824845780934,
    0.5048633609587948,
    0.5257716666907073,
    0.5524010109404723,
    0.4737396760533253,
    0.4645697557677826,
    0.4708968395988146,
    0.44382501641909283,
    0.4331088453531265,
    0.43720637746155266,
    0.4322874325638016,
    0.42264649756252765,
    0.4054893987874189,
    0.44100079710284873,
    0.42594511626909176,
    0.38971878128747145,
    0.36100816586986184,
    0.39218731236954535,
    0.40907573004563647,
    0.4522901512682438,
    0.425894711787502,
    0.4343056410551071,
    0.4171935538450877,
    0.3884707322965066,
    0.3776453144848346,
    0.4254762115577857,
    0.44079156766335176,
    0.3702969791988531,
    0.4138906081517537,
    0.38937580560644464,
    0.38402380459010604,
    0.3540590436508258,
    0.3820680673544606,
    0.32506759446114303,
    0.3618446107953787,
    0.3838840150584777,
    0.3413841025903821,
    0.4234009181459744,
    0.3558446353922288,
    0.3507862201581399,
    0.3242822473558287,
    0.32711651390418406,
    0.4141011444230875,
    0.36063172960033024,
    0.3994457542896271,
    0.38892308697104455,
    0.3396498288959265,
    0.3302740447223187,
    0.3386582540969054,
    0.3081568083415429,
    0.3199724817027648,
    0.3257574344674747,
    0.37762363950411476,
    0.2908985065761953,
    0.32140228459611536,
    0.35272865667939185,
    0.3145933300877611,
    0.34289287477731706,
    0.3656402866045634,
    0.2980423884931952,
    0.364522278184692,
    0.32126371103028456,
    0.3642661238710086,
    0.3039020667473475,
    0.3393540588517983,
    0.29064853045468536,
    0.2967964683659375,
    0.2700842250293742,
    0.29455023923267926,
    0.28487921984245385,
    0.2776797202105324,
    0.28549202413608626,
    0.31953339458753666,
    0.2774327141232788,
    0.27446767405296363,
    0.2767307057355841,
    0.284104081739982,
    0.3189280331755678,
    0.2968436859548092,
    0.2871307188024123,
    0.26642844891175627,
    0.2824068397283554,
    0.2717390701795618,
    0.2758671823889017,
    0.30275994762778285,
    0.2414969199957947,
    0.28885843697935343,
    0.24804455991834398,
    0.25503432924548786,
    0.2575803215925892,
    0.2575069684845706,
    0.2660208172785739,
    0.25834069897731143,
    0.22480285378793877,
    0.2668725464493036,
    0.2613452963531017,
    0.22681605728964013,
    0.2253441390270988,
    0.2515067276234428,
    0.2347364987557133,
    0.21664884891360994,
    0.24603996050233642,
    0.20915322510215142,
    0.22565758731216193,
    0.2275464809499681,
    0.2279942312898735,
    0.22097119794537626,
    0.22948809582740068,
    0.2195694362744689,
    0.18917293221068876,
    0.22260419521480798,
    0.21331325300658743,
    0.20530284900839132,
    0.21645752626160777,
    0.19888410836768647,
    0.20353884504487116,
    0.19800004481027522,
    0.2100683889351785,
    0.19209238846475876,
    0.20819131055225926,
    0.19188230726867914,
    0.24026768133044243,
    0.19451017181078598,
    0.17495803308362765,
    0.19659373071044683,
    0.17582188153949876,
    0.1907479961402714,
    0.1820885750154654,
    0.18151333235825104,
    0.17369208801537753,
    0.1827225318799416,
    0.2001913387949268,
    0.1863140743846695,
    0.204932328282545,
    0.17037702730546397,
    0.16971099538107712,
    0.15288757796709737,
    0.15928572289024792,
    0.2111834396297733,
    0.1631128200019399,
    0.1866710156823198,
    0.15143611657743652,
    0.1457703376809756,
    0.15579586460565528,
    0.1474569575240215,
    0.14453488543319207,
    0.16332302652299405,
    0.15096449134871362,
    0.15302081350237132,
    0.13625609904217226,
    0.16269787608956296,
    0.1350135371632253,
    0.14386807875707744,
    0.14994628243148328,
    0.1637423559712867,
    0.14116959793803593,
    0.13072279745247214,
    0.13581737842566025,
    0.13963557990888756,
    0.14024133641893669,
    0.14401786929617325,
    0.141387532511726,
    0.13667379363129536,
    0.1365189834497869,
    0.1463499803406497,
    0.13894319660030305,
    0.1428033124655485,
    0.12758425306528806,
    0.12871416574344038,
    0.15162350311875342,
    0.12835304979234932,
    0.1335536968273421,
    0.141362660129865,
    0.13518190352867046,
    0.13396874147777757,
    0.13966590370982884,
    0.14082383327186107,
    0.12424577666291346,
    0.1492303805736204,
    0.1278838409576565,
    0.13623001449741423,
    0.12841073872211076,
    0.12321279469567041,
    0.13393548781362674,
    0.12293782092941304,
    0.12745286957360805,
    0.13424428395616508,
    0.12137778676114978,
    0.12192683361936359,
    0.13308548401109874
  ],