{
  "Total experiments": 79,
  "Converged experiments": 79,
  "N values tested": [
    1,
    2,
    4,
    5,
    8,
    10,
    15,
    20,
    30,
    40,
    50
  ],
  "M values tested": [
    100,
    200,
    500,
    1000,
    2000,
    5000,
    10000,
    15000
  ],
  "Best overall MSE": 0.0015591862488904254,
  "Best (N, M)": [
    20,
    15000
  ],
  "Median MSE": 0.032470537251456356,
  "Mean training time (min)": 26.742957515454997,
  "Avg MSE improvement (%) from min to max N": 81.42933671942879
}