{
  "seed": 42,
  "num_views": 40,
  "token_dim": 5,
  "num_buses": 30,
  "device": "cuda",
  "epochs": 1500,
  "embed_dim": 128,
  "num_layers": 6,
  "batch_size": 16,
  "mask_ratio": 0.75,
  "lr": 0.0001,
  "weight_decay": 1e-05,
  "patience": 25,
  "memory_efficient": true,
  "accumulation_steps": 2,
  "timestamp": "2025-11-02T23:45:02.595707Z",
  "training_losses": [
    1.0695515879644797,
    0.6413311315557131,
    0.6401371945841954,
    0.5772335913891975,
    0.550345848644009,
    0.5130131183621974,
    0.46557884442691616,
    0.4490665461008365,
    0.4404998259762159,
    0.4313482283399655,
    0.42371589157443784,
    0.41655537640819185,
    0.40915251248157936,
    0.399196572917012,
    0.3886862330711804,
    0.38142525079445205,
    0.3694614786941272,
    0.35768665124017446,
    0.34149843912858224,
    0.3292569855371346,
    0.31229597818679533,
    0.3090597744028155,
    0.30057133429038985,
    0.28575528165182246,
    0.2766980223787519,
    0.2597616003539699,
    0.25414445936106717,
    0.24063496386202482,
    0.2317158681125595,
    0.21628035400779205,
    0.20836033000109283,
    0.19803981424954076,
    0.19085696341040043,
    0.17998700638373308,
    0.17958475912992772,
    0.17389873563526917,
    0.1649987273276426,
    0.16005952585345276,
    0.15841262321919203,
    0.15282046317767636,
    0.1496649511373387,
    0.14749849148166294,
    0.14140387020575312,
    0.14192162184402918,
    0.14450594597281172,
    0.13475831916125916,
    0.13537866130757786,
    0.13252466771966565,
    0.12943997930448792,
    0.12812734075033896,
    0.12447732531179033,
    0.12206475219975868,
    0.12228143132076814,
    0.11753290211781858,
    0.11634633013477122,
    0.11534834465083595,
    0.11453032943849954,
    0.11159914615205847,
    0.10918038220574647,
    0.10748923593200743,
    0.10407816799930655,
    0.10426489604780306,
    0.10418641898924341,
    0.10201741413643153,
    0.09967878420407382,
    0.09809577955076326,
    0.09744876156775997,
    0.09896802181163088,
    0.09683367778332187,
    0.09568928718351975,
    0.09596959294106525,
    0.09118611961065863,
    0.09421943591621058,
    0.09164392859674991,
    0.08886188882617997,
    0.0874095734853584,
    0.0875074250301203,
    0.08521659317283102,
    0.08558119323032977,
    0.08390832964080171,
    0.08443964957080494,
    0.08414969704328822,
    0.08041613448876889,
    0.08150375872277296,
    0.0807543786135144,
    0.08010330949551785,
    0.07918762505197757,
    0.07706365553805461,
    0.07549472101247656,
    0.0761951714198893,
    0.07681923072892599,
    0.07369813627670878,
    0.0751503875049261,
    0.07348785978168822,
    0.07011391979534752,
    0.07139426063423833,
    0.06937747041229159,
    0.06918113146944402,
    0.06932895036879927,
    0.06727697592622674,
    0.06439851031352122,
    0.06536332118110016,
    0.0655417239329276,
    0.06342033273719537,
    0.0630207569571212,
    0.06200187952221872,
    0.06139971496035845,
    0.06293447750369802,
    0.061176788069021236,
    0.06019637491912223,
    0.059601200076464855,
    0.05830633122867976,
    0.057004716693280395,
    0.057331709339856526,
    0.05808876729212128,
    0.05893492442018425,
    0.055292447466546525,
    0.0563904871304448,
    0.055737697091311794,
    0.05667043905167911,
    0.054524591135290956,
    0.05553502094430418,
    0.05229699317401705,
    0.05303670389470286,
    0.05414291648731496,
    0.05146862009468559,
    0.05173975818683036,
    0.050482240485815476,
    0.05071422012809378,
    0.050382286904809566,
    0.051524439898247905,
    0.05111372728760425,
    0.05079530541462681,
    0.05229794371228379,
    0.05045995105308695,
    0.048854246414982934,
    0.04937166028405325,
    0.04984874726595501,
    0.04781299229854574,
    0.047111057300263874,
    0.04776512243462583,
    0.047799050410349785,
    0.04756056083222993,
    0.04844505777940728,
    0.04669348531617568,
    0.04656132391940515,
    0.04779716617463587,
    0.046971902226169523,
    0.045962613430590576,
    0.0447396269139762,
    0.04478093769329671,
    0.0433930849047521,
    0.04313355753681837,
    0.04203187162772967,
    0.04358343625297912,
    0.04362212215335323,
    0.0442346698908995,
    0.04323001829011796,
    0.0433847892536925,
    0.040316434106073135,
    0.03913579007539038,
    0.03894220929718218,
    0.03961210771141431,
    0.03891155627968076,
    0.03906694127676579,
    0.038487305285301615,
    0.03857411560871138,
    0.03867119797415888,
    0.03931888465124827,
    0.03847101437053286,
    0.03855954055549004,
    0.03786271358661067,
    0.03742379649416902,
    0.03873160304143452,
    0.03712697951123119,
    0.03706548829795792,
    0.037554177804850035,
    0.03718053348487817,
    0.037444116863816115,
    0.03699267215382021,
    0.03677197433918571,
    0.036777959672662515,
    0.037184358905785926,
    0.0371660484242826,
    0.0365100306745332,
    0.03588171943646067,
    0.03676625941880047,
    0.03590710357977794,
    0.03614850966170287,
    0.03644881950368962,
    0.035857946447168394,
    0.03469661117997021,
    0.03532406825106592,
    0.034929730771825866,
    0.03408931804229863,
    0.03436655461376245,
    0.0337846480954725,
    0.034522720164834306,
    0.033956441773065865,
    0.03455870346828865,
    0.034500744671990664,
    0.0347484752177619,
    0.03442060727751456,
    0.03367376031909282,
    0.034140486459140314,
    0.03459129649966669,
    0.03355811247512555,
    0.033997445768461775,
    0.033642037074045776,
    0.03360844278045429,
    0.03237788409191685,
    0.03322365829774823,
    0.03218989655321751,
    0.03283210452556466,
    0.032675555422723004,
    0.03257384843443735,
    0.03246142432147351,
    0.0327702652501802,
    0.032941395076564864,
    0.03243441853869277,
    0.03154774905236152,
    0.032926258280909115,
    0.03270269721173323,
    0.03162728040479124
  ],