{
  "seed": 42,
  "num_views": 5,
  "token_dim": 5,
  "num_buses": 30,
  "device": "cuda",
  "epochs": 1500,
  "embed_dim": 128,
  "num_layers": 6,
  "batch_size": 128,
  "mask_ratio": 0.75,
  "lr": 0.0001,
  "weight_decay": 1e-05,
  "patience": 25,
  "memory_efficient": false,
  "accumulation_steps": 2,
  "timestamp": "2025-11-03T19:15:36.445168Z",
  "training_losses": [
    0.7252841156407407,
    0.500702080099206,
    0.4003221363770335,
    0.3359786686144376,
    0.28649890755352225,
    0.23804477660279538,
    0.1846304624331625,
    0.156060009818328,
    0.1413850932058535,
    0.12999714958040334,
    0.11945137987011362,
    0.10983944036458664,
    0.10150082920726979,
    0.09362463897780367,
    0.08694068118145594,
    0.0820323309772893,
    0.07721474914174331,
    0.07245978498145154,
    0.06920232350889007,
    0.06575445044981806,
    0.06375164676653709,
    0.06070517141568032,
    0.057847594336459515,
    0.05657210393955833,
    0.05415015982954123,
    0.05276005751208254,
    0.051053146406223875,
    0.049718881516080164,
    0.048531090789719636,
    0.0466195685612528,
    0.04621439445959894,
    0.04496826860465502,
    0.04398988957467832,
    0.043433946010313536,
    0.042797376262514224,
    0.04140594137342354,
    0.04099308258608769,
    0.03986374067632777,
    0.03884497765647739,
    0.0386598960663143,
    0.037903773957177214,
    0.037524546471081284,
    0.03715530871560698,
    0.03603345398055879,
    0.03633481356658433,
    0.03541317019023394,
    0.03490787671584831,
    0.03444139374714149,
    0.03427758691342253,
    0.03388386266796213,
    0.03346285982351555,
    0.032913712435647065,
    0.032606452240755694,
    0.03234003959517731,
    0.03127690865805275,
    0.031235536666292894,
    0.031056708324896657,
    0.03091632850076022,
    0.030525317764595935,
    0.030048065483570086,
    0.03058668186790066,
    0.029896347554106455,
    0.028802980192397763,
    0.029258638800759067,
    0.028624390293108787,
    0.028724557122117595,
    0.028684177281040894,
    0.028003231036035626,
    0.027630803914446587,
    0.027686113032855484,
    0.027449444406910946,
    0.02685971023220764,
    0.026472612768411646,
    0.02657951333020863,
    0.02588528846439563,
    0.026064549315916865,
    0.026018405893915575,
    0.025743094345456675,
    0.02539320815550653,
    0.025527367897723856,
    0.02509222439245173,
    0.02492334845818971,
    0.023582390303674497,
    0.023227822561013075,
    0.022976825166689727,
    0.022968400301117645,
    0.0225620688419593,
    0.022658491675790992,
    0.02243483719072844,
    0.022665059417486182,
    0.022762460889000642,
    0.02235415879048799,
    0.021792543718689366,
    0.022329354866554865,
    0.022360842674970627,
    0.022315423731741155,
    0.021662616274858767,
    0.021956627486567754,
    0.021449910778748364,
    0.021711692394394615,
    0.02145328727991957,
    0.021418847073065614,
    0.021138120819079256,
    0.020823622887071805,
    0.020357336221556912,
    0.02069053174633729,
    0.02058003553826558,
    0.020228478602672875,
    0.020181819420111807,
    0.02030271815626244,
    0.02018190060791217,
    0.020004855347307105,
    0.020231000086978868,
    0.01984912557429389,
    0.020032008219706382,
    0.019637431608218896,
    0.019794104028689224,
    0.019666339088427395,
    0.019521132982090898,
    0.019638199849348326,
    0.01963706527101366,
    0.019503559313322368,
    0.019822682342246965,
    0.019763668485377965,
    0.019686873813993044,
    0.019763427235578238,
    0.019253772654031442,
    0.01942239775861564,
    0.018927688445699847,
    0.01938352245249246,
    0.019329157020700604,
    0.019499068134709415,
    0.019388124601621374,
    0.019058560929016064,
    0.018922124179570298,
    0.019220238837756615,
    0.018801395998973607,
    0.018986581458072912,
    0.019206599553948957,
    0.01913200201172578,
    0.018824657397834878,
    0.01903941210163267,
    0.019209609863005187,
    0.018743078614536085,
    0.019154765103992666,
    0.019013059417668145,
    0.018635593193926308,
    0.018389793952044688,
    0.01817202851176262,
    0.018307909706705497,
    0.01839534690505579,
    0.018140648348551044,
    0.018089359567353594,
    0.018307412345158425,
    0.018305970246070308,
    0.01807679433963801,
    0.018016275787039807,
    0.017958693006321007,
    0.018135093297613293,
    0.01779631048833069,
    0.017839340355835464,
    0.017822697821416354,
    0.017801940554850983,
    0.017750237395888883,
    0.017714077128391514,
    0.017880923524498937,
    0.017501884620440642,
    0.017636612971362316,
    0.017897393150549182,
    0.017869534774830474,
    0.017578101165984805,
    0.01759527655024278,
    0.01760354476539713,
    0.017504858770652814,
    0.01737383537386593,
    0.01755779318903622,
    0.017551709997810815,
    0.017410813126909102,
    0.01766416003437419,
    0.017498310412231235,
    0.01731669598896253,
    0.01757100385270621,
    0.017534927788533657,
    0.017398742496183044,
    0.017312431307999712,
    0.017610942329231057,
    0.01720786614637626,
    0.017184234147793367,
    0.017407698505803166,
    0.017440659486149486,
    0.017333241061944712,
    0.017310953583372264,
    0.01760500849861848,
    0.017162003948500277,
    0.0173533972548811,
    0.01712120234574142,
    0.01705479921086838,
    0.01738339478248044,
    0.01715344140796285,
    0.01713343017979672,
    0.01712443845444604,
    0.017266673763331613,
    0.017080641275173735,
    0.01745910166909819,
    0.017121225442541275,
    0.01704349001771525,
    0.017301495263451025,
    0.0171057158551718,
    0.017252238443807546
  ],