{
  "seed": 42,
  "num_views": 2,
  "token_dim": 5,
  "num_buses": 30,
  "device": "cuda",
  "epochs": 1500,
  "embed_dim": 128,
  "num_layers": 6,
  "batch_size": 256,
  "mask_ratio": 0.75,
  "lr": 0.0001,
  "weight_decay": 1e-05,
  "patience": 25,
  "memory_efficient": false,
  "accumulation_steps": 2,
  "timestamp": "2025-11-02T20:22:17.557395Z",
  "training_losses": [
    1.6113432901246207,
    0.8149877531187875,
    0.6679724710328239,
    0.6404825832162585,
    0.6714689263275692,
    0.6195409340517861,
    0.5907278060913086,
    0.584592125245503,
    0.569465092250279,
    0.5786835338388171,
    0.5537702356066022,
    0.5646901854446956,
    0.5792625887053353,
    0.5767322565828051,
    0.5640567115374974,
    0.5457686867032733,
    0.5593623348644802,
    0.5396931959050042,
    0.5169118195772171,
    0.5046611236674445,
    0.48953444404261454,
    0.5229096455233437,
    0.48095197337014334,
    0.47553633792059763,
    0.46765896465097156,
    0.4537680276802608,
    0.447724780866078,
    0.44505502709320616,
    0.43797252007893156,
    0.4257614591291973,
    0.4343418564115252,
    0.42263951897621155,
    0.4230137509959085,
    0.416572956102235,
    0.41106709625039783,
    0.40303558111190796,
    0.4100421645811626,
    0.40596601579870495,
    0.40342302194663454,
    0.4009020073073251,
    0.3921942583152226,
    0.3924351270709719,
    0.3868740903479712,
    0.38204336379255566,
    0.3754883940730776,
    0.37066238054207395,
    0.3629353152854102,
    0.35949493093150003,
    0.35805338834013256,
    0.35020280310085844,
    0.34254283777305056,
    0.3416628731148584,
    0.3494125987802233,
    0.33731116567339214,
    0.33062135534627096,
    0.3271724794592176,
    0.3212934136390686,
    0.3196475420679365,
    0.30872274935245514,
    0.3042700929301126,
    0.3017334107841764,
    0.29195352111543926,
    0.2945001295634678,
    0.2866979390382767,
    0.2802546130759375,
    0.2799556383064815,
    0.2766291946172714,
    0.27061632701328825,
    0.27459082858903067,
    0.264542566878455,
    0.26123662292957306,
    0.26130650511809755,
    0.26303173920937944,
    0.24794883919613703,
    0.24853981286287308,
    0.24521840789488383,
    0.2367896937898227,
    0.23578627088240214,
    0.23960795998573303,
    0.2328178169471877,
    0.22181993510041917,
    0.22941565620047705,
    0.22117480209895543,
    0.21437844101871764,
    0.2185003161430359,
    0.2040090752499444,
    0.2029058379786355,
    0.19980323953287943,
    0.19595628444637572,
    0.18954747915267944,
    0.18625416606664658,
    0.18695836194923945,
    0.18188089983803885,
    0.17754088235752924,
    0.17666619271039963,
    0.17091096618345805,
    0.17247870245150157,
    0.16868392378091812,
    0.16522432331527984,
    0.16710972040891647,
    0.16594647190400533,
    0.16364914711032594,
    0.16108261261667525,
    0.15338436301265443,
    0.15837534623486654,
    0.15755444445780345,
    0.15422978198954038,
    0.14747357474906103,
    0.15235021071774618,
    0.15057085028716496,
    0.14505989530256816,
    0.14807948150805064,
    0.1468097088592393,
    0.1432483909385545,
    0.1397441891687257,
    0.14298850830112184,
    0.1468155708696161,
    0.1420355247599738,
    0.14311373553105763,
    0.14004380947777204,
    0.1415159957749503,
    0.13752837958080427,
    0.138130677065679,
    0.13699695308293616,
    0.1356713537658964,
    0.13583822548389435,
    0.1341682124350752,
    0.13247991087181227,
    0.13174861616321973,
    0.13633939623832703,
    0.13011256924697331,
    0.12855575393353189,
    0.12304902342813355,
    0.12373154450740133,
    0.1266469843685627,
    0.12382922002247401,
    0.1222711189516953,
    0.12180606488670621,
    0.1234266103378364,
    0.11885020030396325,
    0.1178645369197641,
    0.11634567113859313,
    0.11770858402763094,
    0.11404166210974966,
    0.12270304241350719,
    0.11430449464491435,
    0.1151713782123157,
    0.11188431988869395,
    0.11585436867816108,
    0.11520917660423688,
    0.11548276618123055,
    0.11581158052597727,
    0.11458707973361015,
    0.1110019598688398,
    0.11114800881062235,
    0.10666128301194736,
    0.10809741594961711,
    0.10671630714620862,
    0.10579001264912742,
    0.11189592736107963,
    0.10945645134363856,
    0.10790563321539334,
    0.10513179163847651,
    0.1070185974240303,
    0.10430079911436353,
    0.10466366846646581,
    0.1032561446939196,
    0.1036641996886049,
    0.10220670008233615,
    0.10220362033162798,
    0.10315801096814019,
    0.09834883202399526,
    0.09930563398769923,
    0.10202829167246819,
    0.10175914689898491,
    0.10264772229960986,
    0.09783093950578145,
    0.09737647644111089,
    0.10030897919620786,
    0.10483524043645177,
    0.0987976071025644,
    0.09777417087129184,
    0.10230936056801251,
    0.09688392015440124,
    0.09817792209131378,
    0.09799705605421748,
    0.09451759446944509,
    0.09854572745306152,
    0.09770296726908002,
    0.09441164668117251,
    0.09595465979405812,
    0.09552433980362755,
    0.09695229306817055,
    0.09742740222385951,
    0.09778119942971639,
    0.0966394916176796,
    0.09980329445430211,
    0.09364934478487287,
    0.0979557063962732,
    0.09726971121770996
  ],