{
  "seed": 42,
  "num_views": 5,
  "token_dim": 5,
  "num_buses": 30,
  "device": "cuda",
  "epochs": 1500,
  "embed_dim": 128,
  "num_layers": 6,
  "batch_size": 128,
  "mask_ratio": 0.75,
  "lr": 0.0001,
  "weight_decay": 1e-05,
  "patience": 25,
  "memory_efficient": false,
  "accumulation_steps": 2,
  "timestamp": "2025-11-02T20:47:23.926397Z",
  "training_losses": [
    2.1754135131835937,
    2.164168643951416,
    1.7649621963500977,
    0.9040455341339111,
    1.2389604568481445,
    1.4305525302886963,
    1.2539779663085937,
    0.8282698631286621,
    0.8105847597122192,
    0.9747959852218628,
    0.9503658771514892,
    0.7350668430328369,
    0.679354453086853,
    0.7469992876052857,
    0.7255100250244141,
    0.623884630203247,
    0.7433381080627441,
    0.843573808670044,
    0.8007928133010864,
    0.6694687843322754,
    0.6008323192596435,
    0.6934187889099122,
    0.6492749452590942,
    0.593993878364563,
    0.6030519008636475,
    0.6410409927368164,
    0.6221889972686767,
    0.5622494220733643,
    0.5708388805389404,
    0.5785542011260987,
    0.57556631565094,
    0.5686146497726441,
    0.5689677000045776,
    0.5493635177612305,
    0.5890682220458985,
    0.5915816068649292,
    0.5533989429473877,
    0.5516084432601929,
    0.5650710105895996,
    0.557976484298706,
    0.5654304981231689,
    0.5696483373641967,
    0.5268395423889161,
    0.536936593055725,
    0.5346123695373535,
    0.5373901844024658,
    0.5291234016418457,
    0.5365150213241577,
    0.5368468284606933,
    0.5260435581207276,
    0.5215376138687133,
    0.5368469715118408,
    0.5275670289993286,
    0.5250985622406006,
    0.5500307559967041,
    0.5423617839813233,
    0.5314776659011841,
    0.5192335367202758,
    0.5198681831359864,
    0.5501956701278686,
    0.5452505111694336,
    0.5277672529220581,
    0.5201953172683715,
    0.5246083259582519,
    0.5376588344573975,
    0.5411481857299805,
    0.5323533058166504,
    0.5277773857116699
  ],
  "val_mse_losses": [
    2.132488582110164,
    1.81669104990333,
    0.8527252197265625,
    1.3401021321614586,
    1.3978781035452177,
    1.222666884913589,
    0.808817930895873,
    0.8440314861259075,
    0.9874026828342014,
    0.9016728410817155,
    0.7285783401643388,
    0.6898722947245897,
    0.7592314440794665,
    0.7543511284722222,
    0.6178229283804845,
    0.7186531298088304,
    0.8589408026801216,
    0.7694247004961727,
    0.6151706271701389,
    0.5711766406743213,
    0.6830699419734454,
    0.6609421392883917,
    0.585800887599136,
    0.5854347614326862,
    0.6516909050218987,
    0.6092668629655934,
    0.5755576933273161,
    0.5666601932410038,
    0.5797996598060685,
    0.5536123102361505,
    0.5462667368879222,
    0.5592789621064157,
    0.6017422762784091,
    0.632113431680082,
    0.6119702194676255,
    0.5689991344105113,
    0.5923139629941998,
    0.5666910730227075,
    0.5539848481765901,
    0.598399938718237,
    0.5919336261171282,
    0.5496260363646227,
    0.51513294258503,
    0.5284210513336489,
    0.5519245032108191,
    0.5191639986905184,
    0.5259487575954861,
    0.5452594795612373,
    0.5261731388592962,
    0.5219404201314907,
    0.5621410793728299,
    0.5607650756835938,
    0.529008183334813,
    0.5436112220841225,
    0.563765570130011,
    0.5328674239341659,
    0.522175890989978,
    0.5588391236584596,
    0.5697789047703599,
    0.567228274875217,
    0.5794274532433712,
    0.567614183522234,
    0.5201873933426058,
    0.5453022581158263,
    0.5443641508468475,
    0.5502042288732045,
    0.544601848872021,
    0.5316382514105903
  ],
  "val_mae_losses": [
    1.1792687310112848,
    1.1257053413776434,
    0.7167800440932766,
    0.8884220315952494,
    0.9216455324731692,
    0.8976886479541509,
    0.7183427290482954,
    0.7457138678040167,
    0.8168993554934108,
    0.7563178014273595,
    0.6785489477292457,
    0.6474926418728298,
    0.6719581758133089,
    0.6812226112442787,
    0.6212124834156999,
    0.6837115046953914,
    0.7578874530214252,
    0.6915439798374369,
    0.6126591692067157,
    0.5933365638809974,
    0.6307481785013218,
    0.6149002460518268,
    0.6009675151169903,
    0.5911443613996409,
    0.6437486821954901,
    0.6124202458545415,
    0.5850915080369121,
    0.5841326241541391,
    0.5927492083925189,
    0.583309905697601,
    0.5702791618578361,
    0.5778512357461333,
    0.585490047570431,
    0.6134852322665127,
    0.6058914878151633,
    0.5826396364154237,
    0.5868034748115925,
    0.5901766305017953,
    0.5814267784658105,
    0.6086649268564551,
    0.6005404077395043,
    0.5711696200900608,
    0.5580210676096907,
    0.5623765579377762,
    0.575435738611703,
    0.5508679476651278,
    0.5531177482219658,
    0.5600796709157,
    0.5470425075954861,
    0.5601756548640704,
    0.5748404223509509,
    0.5666009845155658,
    0.5567666179001933,
    0.5679841860376224,
    0.5827734513716265,
    0.5696469239514282,
    0.5583929427946457,
    0.5709675721447877,
    0.5792781714237096,
    0.5770952629320549,
    0.5819803103052006,
    0.5698399861653646,
    0.5628701489381116,
    0.5783969301165957,
    0.5748067913633403,
    0.5705394629276159,
    0.5727489664097025,
    0.5669396679810804
  ],
  "total_training_time_sec": 15.665709733963013,
  "best_val_mse": 0.51513294258503,
  "best_epoch": 42,
  "final_val_mse": 0.5316382514105903,
  "min_val_mae": 0.5470425075954861
}