{
  "seed": 42,
  "num_views": 4,
  "token_dim": 5,
  "num_buses": 30,
  "device": "cuda",
  "epochs": 1500,
  "embed_dim": 128,
  "num_layers": 6,
  "batch_size": 160,
  "mask_ratio": 0.75,
  "lr": 0.0001,
  "weight_decay": 1e-05,
  "patience": 25,
  "memory_efficient": false,
  "accumulation_steps": 2,
  "timestamp": "2025-11-02T20:35:32.740185Z",
  "training_losses": [
    1.7808534801006317,
    1.43432055413723,
    1.1243553161621094,
    0.9211188852787018,
    0.9016508758068085,
    1.094007432460785,
    0.9598632305860519,
    0.6839401125907898,
    0.7541464120149612,
    0.7738229483366013,
    0.6619387269020081,
    0.7065681368112564,
    0.7509836703538895,
    0.787961333990097,
    0.6837922185659409,
    0.6573403626680374,
    0.664196252822876,
    0.6265082359313965,
    0.7053171992301941,
    0.8180885165929794,
    0.7037899047136307,
    0.5662272199988365,
    1.0661816000938416,
    0.9738866984844208,
    0.830719992518425,
    1.0616394132375717,
    0.7455839067697525,
    0.729860857129097,
    0.7396351993083954,
    0.7389814555644989,
    0.7886578291654587,
    0.6240324676036835,
    0.5542330890893936,
    0.6103627383708954,
    0.6070775240659714,
    0.6629598438739777,
    0.6208213269710541,
    0.6538345962762833,
    0.6447042375802994,
    0.6459529995918274,
    0.7677244693040848,
    0.6265129148960114,
    0.5040553733706474,
    0.5651113614439964,
    0.5046877935528755,
    0.5458550900220871,
    0.6005396097898483,
    0.6646144539117813,
    0.5851945281028748,
    0.5921833664178848,
    0.508841909468174,
    0.5064338967204094,
    0.5399819612503052,
    0.6250457018613815,
    0.524460606276989,
    0.45907168090343475,
    0.616405576467514,
    0.47487690299749374,
    0.6407908499240875,
    0.4477318674325943,
    0.558111846446991,
    0.6048923283815384,
    0.5542278587818146,
    0.4655056670308113,
    0.4877977818250656,
    0.6793010085821152,
    0.7974837422370911,
    0.603844404220581,
    0.5586687624454498,
    0.612713947892189,
    0.5646553933620453,
    0.5010532513260841,
    0.5895546227693558,
    0.5241050273180008,
    0.5268390625715256,
    0.7042152583599091,
    0.6557681709527969,
    0.4651521220803261,
    0.582930788397789,
    0.5564661026000977,
    0.5250007510185242,
    0.5550362318754196,
    0.559495359659195,
    0.5523533076047897,
    0.5473379343748093,
    0.5888481289148331,
    0.5171232223510742,
    0.6063364297151566,
    0.5326844900846481,
    0.5536072850227356,
    0.6523447632789612,
    0.48071635514497757,
    0.5170379504561424,
    0.559302881360054,
    0.5714886337518692,
    0.5516615360975266,
    0.5348863303661346,
    0.44205377250909805,
    0.6018397957086563,
    0.5807394832372665,
    0.48296962678432465,
    0.5121693015098572,
    0.49210377037525177,
    0.45032770931720734,
    0.5281286239624023,
    0.498922660946846,
    0.42433762550354004,
    0.541390597820282,
    0.5191605389118195,
    0.43917009234428406,
    0.41348686814308167,
    0.4348578006029129,
    0.43410173803567886,
    0.4841752052307129,
    0.44331812858581543,
    0.4774465262889862,
    0.6507779657840729,
    0.548004686832428,
    0.5514854788780212,
    0.5281648710370064,
    0.4659488797187805,
    0.473370760679245,
    0.4786188453435898,
    0.5083910301327705,
    0.6762549430131912,
    0.4721996858716011,
    0.4890424907207489,
    0.47655411064624786,
    0.4880717396736145,
    0.5396664515137672,
    0.5149049609899521,
    0.5553863644599915,
    0.5685020014643669,
    0.5892953500151634,
    0.41902758181095123,
    0.41472142934799194,
    0.5590004324913025,
    0.5270857736468315,
    0.48628489673137665,
    0.4882240369915962,
    0.4228357821702957,
    0.4909732937812805,
    0.46560367941856384,
    0.47373172640800476,
    0.42203060537576675,
    0.43743953108787537,
    0.42795422673225403,
    0.4839245527982712,
    0.47325262427330017,
    0.4275105819106102,
    0.573848582804203,
    0.4662536680698395,
    0.40987487882375717,
    0.4393623471260071,
    0.6063266918063164,
    0.4584762901067734,
    0.4244970232248306,
    0.5464041978120804,
    0.4037611335515976,
    0.5738125964999199,
    0.4687052369117737,
    0.4473528042435646,
    0.5282916724681854,
    0.5071077942848206,
    0.44488726556301117,
    0.49711358547210693,
    0.4874079078435898,
    0.5015102475881577,
    0.6361844316124916,
    0.4636569023132324,
    0.4780663996934891,
    0.3973501920700073,
    0.487690694630146,
    0.5758292451500893,
    0.4531683921813965,
    0.47223712503910065,
    0.5683617293834686,
    0.42809001356363297,
    0.4631660506129265,
    0.5382000207901001,
    0.39788390696048737,
    0.45003974437713623,
    0.5275897979736328,
    0.46061577647924423,
    0.6058609709143639,
    0.5787280201911926,
    0.5094542726874352,
    0.5559896305203438,
    0.4784749299287796,
    0.5175749957561493,
    0.4617213308811188,
    0.4246833249926567,
    0.41386865824460983,
    0.5355347022414207,
    0.6579478830099106,
    0.5220588445663452,
    0.5370630994439125,
    0.4805055260658264,
    0.5075176358222961,
    0.4295034185051918,
    0.42085710912942886,
    0.47627828270196915,
    0.409437894821167,
    0.42408616095781326,
    0.42599400877952576,
    0.43802332133054733,
    0.4872017800807953,
    0.43738533556461334,
    0.42872901260852814,
    0.4919625222682953,
    0.42369598150253296,
    0.6265582293272018,
    0.48677051067352295,
    0.41516850888729095,
    0.4660486504435539,
    0.3760669305920601,
    0.403565876185894,
    0.5712955519556999,
    0.43976228684186935,
    0.3923976719379425,
    0.40518203377723694,
    0.44280096888542175,
    0.4503324627876282,
    0.5166969448328018,
    0.503525584936142,
    0.4504370912909508,
    0.5526822954416275,
    0.5677704066038132,
    0.47723694145679474,
    0.46231114119291306,
    0.3711045868694782,
    0.3868032172322273,
    0.4379523992538452,
    0.5272608622908592,
    0.4771273359656334
  ],