{
  "seed": 42,
  "num_views": 15,
  "token_dim": 5,
  "num_buses": 30,
  "device": "cuda",
  "epochs": 1500,
  "embed_dim": 128,
  "num_layers": 6,
  "batch_size": 42,
  "mask_ratio": 0.75,
  "lr": 0.0001,
  "weight_decay": 1e-05,
  "patience": 25,
  "memory_efficient": true,
  "accumulation_steps": 2,
  "timestamp": "2025-11-02T21:34:15.457499Z",
  "training_losses": [
    0.9979521245019052,
    0.600670486281061,
    0.5384143674475516,
    0.48623395338017716,
    0.4399980591912555,
    0.42303604137184264,
    0.41267417934205797,
    0.39551141455642175,
    0.3766217792136037,
    0.3540769299890241,
    0.32950661167120326,
    0.310856549658327,
    0.29222847001674845,
    0.2837131517819868,
    0.25807987446458924,
    0.24418751156737664,
    0.223101037587875,
    0.19895112990823563,
    0.1847293505301842,
    0.17322750057165442,
    0.16094297424086138,
    0.15458826445616208,
    0.14854298009831682,
    0.14352404001431585,
    0.14036414647458967,
    0.13678273772582034,
    0.13176248515518302,
    0.12664880183262706,
    0.12196970555262687,
    0.11877769244532296,
    0.11450364620257644,
    0.11146602409008222,
    0.10650856961042453,
    0.10280596991507417,
    0.10122700702303494,
    0.09853022975417285,
    0.09463179150962425,
    0.09302634132596165,
    0.0890720878783454,
    0.08732030538794322,
    0.08583320397087651,
    0.08302190634939408,
    0.08082555669367823,
    0.08073837238117162,
    0.07735980084946015,
    0.07515244417720372,
    0.07676576842100191,
    0.07329907840770533,
    0.07212654284687123,
    0.07012339050316402,
    0.06924952390229598,
    0.06705300760192753,
    0.06736629784234568,
    0.06555626457318281,
    0.06469501791219427,
    0.0631780517534313,
    0.0624750098070273,
    0.06130531053894607,
    0.06003653262542862,
    0.059447757912497234,
    0.05892392428448567,
    0.05707276448862164,
    0.05787505162322624,
    0.05667524391896704,
    0.05592160288594727,
    0.05500022827560066,
    0.053401829786280275,
    0.052527319948770045,
    0.05312505524573673,
    0.052870196833187715,
    0.05177826221682068,
    0.051905385876058516,
    0.050284603757099214,
    0.049394217299090486,
    0.050408377718084894,
    0.0493707993410082,
    0.048319897600091415,
    0.047788632298127194,
    0.0457905227652727,
    0.04735812175159271,
    0.04575754591287712,
    0.04610063278267528,
    0.04629828924488308,
    0.04543646359736594,
    0.04470514300096239,
    0.044441006705164904,
    0.0450502334242193,
    0.04289925375746356,
    0.04312467583351665,
    0.04306980644663175,
    0.04271058147279625,
    0.04220095524548465,
    0.04317821810642878,
    0.04258752550897945,
    0.04129859805743918,
    0.040991539718248905,
    0.04140483603263513,
    0.040102373910510636,
    0.040787563581242525,
    0.040050757326122025,
    0.03936314884350341,
    0.03995647441563953,
    0.038206249733383844,
    0.0387873409045303,
    0.03877437342053806,
    0.03943838672951247,
    0.03874529569895349,
    0.03833756251658639,
    0.03817180865086041,
    0.03782120575634843,
    0.03759262919362285,
    0.03758771234534235,
    0.03625800636652696,
    0.03726091179200728,
    0.03657604145825418,
    0.03628514427532497,
    0.03565783244040276,
    0.03545383738401608,
    0.03394148482853531,
    0.033991169636575586,
    0.03254865058339561,
    0.032734917403541064,
    0.03278165018647656,
    0.03314378256790149,
    0.03258041891022626,
    0.03240752368210218,
    0.03292017524472924,
    0.032798535781156296,
    0.03295997075863883,
    0.03259547613561154,
    0.032051481093224296,
    0.032039612894638976,
    0.03185338691895844,
    0.03204708481764691,
    0.032021883126889535,
    0.031816151682446656,
    0.03218625659584744,
    0.03182407785525434,
    0.0315876343789009,
    0.03133819293963094,
    0.031110168019166357,
    0.031703474270737074,
    0.03204770808736993,
    0.031263795631945646,
    0.03132506451991379,
    0.031655392732120986,
    0.03095315171039512,
    0.03040148486247939,
    0.03128635489787811,
    0.030484019598772383,
    0.030530768201455595,
    0.030460047626342523,
    0.029995599675637023,
    0.029513122072905046,
    0.02940352615605817,
    0.028699127750264272,
    0.029403608190452946,
    0.028821208450592994,
    0.029329466001472928,
    0.029264678985963005,
    0.028901988454163075,
    0.02908607831813841,
    0.029307280496781704,
    0.02930621502395624,
    0.02908963648299887,
    0.02963196483050657,
    0.02843781552858587,
    0.028468997262290918,
    0.02821553591957204,
    0.02870673250852742,
    0.02794701031321644,
    0.028307045282971142,
    0.027692645842320892,
    0.02778958797486674,
    0.02761865957902792,
    0.027156182572755032,
    0.02800083376594589,
    0.027712331790254147,
    0.02806754794258338,
    0.027238265289646436,
    0.02858000877830717,
    0.02776832668126648,
    0.027592395903526717,
    0.027565197323440992,
    0.027260534188304188,
    0.026862942863605983,
    0.027228009011437238,
    0.02754101779184535,
    0.027143888173895514,
    0.026880885017478564,
    0.027435842501875165,
    0.027784302808408042,
    0.026991660913659458,
    0.02700179716110485,
    0.02708992382877658,
    0.0267343839773765
  ],