{
  "seed": 42,
  "num_views": 50,
  "token_dim": 5,
  "num_buses": 30,
  "device": "cuda",
  "epochs": 1500,
  "embed_dim": 128,
  "num_layers": 6,
  "batch_size": 12,
  "mask_ratio": 0.75,
  "lr": 0.0001,
  "weight_decay": 1e-05,
  "patience": 25,
  "memory_efficient": true,
  "accumulation_steps": 2,
  "timestamp": "2025-11-03T00:59:56.035932Z",
  "training_losses": [
    0.972856040228816,
    0.6110261923951261,
    0.5831887865241835,
    0.546390287174898,
    0.4975175144917824,
    0.46792545273023495,
    0.43694447718998974,
    0.4518687120605917,
    0.4267246221794802,
    0.41029980803237237,
    0.4177262048686254,
    0.39809251683599806,
    0.4091145587318084,
    0.3933424434942358,
    0.36826760153560073,
    0.35994312830707614,
    0.33555104924475443,
    0.31846030748065773,
    0.3118983359810184,
    0.2875649618927171,
    0.2774286713144359,
    0.2684160414688727,
    0.2541477997776341,
    0.2391955021111404,
    0.23253271697636912,
    0.21742446211331035,
    0.21119147517663586,
    0.19817866388050945,
    0.1848997743208619,
    0.17709945338175573,
    0.1673404431299252,
    0.16486425430459134,
    0.16352235946585147,
    0.15615561280180426,
    0.15257976037176219,
    0.14769746785216473,
    0.14392087394262063,
    0.14086273324621076,
    0.1371835026473683,
    0.13382697389187181,
    0.1326183344138896,
    0.13021585802602417,
    0.1270780153967002,
    0.12271841235897121,
    0.12046731850680181,
    0.11610530084985145,
    0.11554927226813404,
    0.11374878429095533,
    0.11183215287897516,
    0.10966372255893311,
    0.10654589070993314,
    0.10358122239218039,
    0.10682638352846398,
    0.10619348542655214,
    0.099527163895614,
    0.09876726756858477,
    0.09719204529681627,
    0.09613322059459548,
    0.09437295198878821,
    0.09139105163514612,
    0.08993470269529256,
    0.08956689637592609,
    0.08790727752315651,
    0.08392551059779876,
    0.08499599543893162,
    0.08296120889265744,
    0.08160917520851772,
    0.08320821296204539,
    0.07998990724520649,
    0.07986258904066156,
    0.08214030620915926,
    0.07795693374731962,
    0.07847361654700602,
    0.07695525208049839,
    0.07503809811876101,
    0.07466143691145323,
    0.07502669525168397,
    0.0724496201633969,
    0.07204590925946833,
    0.07195827004664083,
    0.06931174312225162,
    0.06877875924658251,
    0.07062289949068251,
    0.06708488537217765,
    0.06733503267716835,
    0.06753431587315657,
    0.06576536737601546,
    0.0639800417927258,
    0.06273680327241034,
    0.06420174251255742,
    0.06267733644584521,
    0.06436858184745207,
    0.06180059415890891,
    0.060031862272059214,
    0.05916156956925989,
    0.05844357195036377,
    0.05854021223590654,
    0.056659781493465684,
    0.0554075012892923,
    0.055596943990710905,
    0.05339818586759708,
    0.053665241121369237,
    0.05387365428840413,
    0.05349929713151034,
    0.05341260942027849,
    0.05270050092326368,
    0.052738585457863175,
    0.05069710355690296,
    0.05170992731061927,
    0.04991560956244083,
    0.050290506341878115,
    0.04987900181618683,
    0.04878159115310101,
    0.04694596105419537,
    0.049135681420345516,
    0.049756159219781264,
    0.04793959564365008,
    0.046234742801855605,
    0.04720253457808319,
    0.04863032430519953,
    0.04638566249214551,
    0.04632450529867236,
    0.0444237263982787,
    0.044245574758114185,
    0.045406696788747515,
    0.04438977681319503,
    0.043483900188413624,
    0.04381060069043408,
    0.042182517405051516,
    0.04246662382255583,
    0.04383465822457391,
    0.044494464694357964,
    0.04350504456197516,
    0.042126605310203395,
    0.03942092851680868,
    0.03786648268318352,
    0.03750332450822873,
    0.03714502307805506,
    0.03697500433937154,
    0.03755811726017034,
    0.0379571252935292,
    0.03795429307090886,
    0.03730547713937565,
    0.03734043573631961,
    0.03727900425081744,
    0.037938599997912256,
    0.03798842878519174,
    0.037188941602978635,
    0.03726798449588172,
    0.03699039710521259,
    0.03669911559506812,
    0.03581440348780769,
    0.03623100856757339,
    0.03572208325269029,
    0.036947243863388025,
    0.03677789437529796,
    0.036307653494398386,
    0.03572766909759273,
    0.035677571666481736,
    0.03611293038243756,
    0.035777219937676026,
    0.03546370225848959,
    0.03483818043845103,
    0.03550025839577703,
    0.03518209616598837,
    0.03518871621393105,
    0.03479997034075068,
    0.033909830739173814,
    0.03374473736292738,
    0.03401104750330834,
    0.03332409250056918,
    0.03257999894373557,
    0.031964311747647384,
    0.03278202033163431,
    0.03169314628193046,
    0.0326429057822508,
    0.03197557073250852,
    0.0322628714100403,
    0.032323008788859145,
    0.031939171308870695,
    0.03164175916846621,
    0.031420979787431226,
    0.03111804424839862
  ],