{
  "seed": 42,
  "num_views": 4,
  "token_dim": 5,
  "num_buses": 30,
  "device": "cuda",
  "epochs": 1500,
  "embed_dim": 128,
  "num_layers": 6,
  "batch_size": 160,
  "mask_ratio": 0.75,
  "lr": 0.0001,
  "weight_decay": 1e-05,
  "patience": 25,
  "memory_efficient": false,
  "accumulation_steps": 2,
  "timestamp": "2025-11-02T20:35:56.726769Z",
  "training_losses": [
    2.1712214946746826,
    2.161931276321411,
    1.7449408173561096,
    0.8846767246723175,
    1.2987576723098755,
    1.4381349682807922,
    1.2539519667625427,
    0.8664089143276215,
    0.7600373327732086,
    0.8911733329296112,
    0.81256303191185,
    0.6610937118530273,
    0.808444619178772,
    0.9695421457290649,
    0.9020900130271912,
    0.7684870362281799,
    0.6201454102993011,
    0.8410086631774902,
    0.9995720386505127,
    0.8670164942741394,
    0.7081774473190308,
    0.6636534333229065,
    0.6734221875667572,
    0.7300960123538971,
    0.7358778715133667,
    0.6064292788505554,
    0.6450547277927399,
    0.7517411112785339,
    0.723381757736206,
    0.6361993551254272,
    0.5870047211647034,
    0.5950059294700623,
    0.6251433789730072,
    0.6329658031463623,
    0.6196197271347046,
    0.583680659532547,
    0.5585911870002747,
    0.5800585746765137,
    0.5778761208057404,
    0.5672782957553864,
    0.562025398015976,
    0.5728507339954376,
    0.5684415996074677,
    0.5549082159996033,
    0.5632215440273285,
    0.5394719243049622,
    0.5443773567676544,
    0.5447099208831787,
    0.5472036600112915,
    0.5415073335170746,
    0.5385399758815765,
    0.5362392365932465,
    0.5371456444263458,
    0.5309922695159912,
    0.5409968197345734,
    0.5377447307109833,
    0.5364673435688019,
    0.5287485718727112,
    0.5327944755554199,
    0.5315355062484741,
    0.5266834199428558,
    0.5277088284492493,
    0.5192267298698425,
    0.5281015932559967,
    0.5243249833583832,
    0.5261216759681702,
    0.5227517485618591,
    0.5224253535270691,
    0.5214910209178925,
    0.5162680149078369,
    0.5277521014213562,
    0.5331363677978516,
    0.5205234289169312,
    0.513509601354599,
    0.5187405943870544,
    0.5053782761096954,
    0.5049659907817841,
    0.5094999670982361,
    0.5116466581821442,
    0.5072458386421204,
    0.5097603499889374,
    0.5201389491558075,
    0.5110039412975311,
    0.5035085380077362,
    0.5142922103404999,
    0.5048285126686096,
    0.5058598518371582,
    0.5073350071907043,
    0.49793559312820435,
    0.5091697871685028,
    0.5051425099372864,
    0.5063592195510864,
    0.5040568709373474,
    0.49698972702026367,
    0.5015020668506622,
    0.5128122568130493,
    0.4995132088661194,
    0.4971052557229996,
    0.4936515688896179,
    0.5000095963478088,
    0.4992641508579254,
    0.4983339309692383,
    0.49872660636901855,
    0.5036489218473434,
    0.4941896051168442,
    0.49281391501426697,
    0.5057545006275177,
    0.499167338013649,
    0.5054439008235931,
    0.4877406656742096,
    0.4931124150753021,
    0.4936920553445816,
    0.4893251955509186,
    0.4890703856945038,
    0.48890870809555054,
    0.49644942581653595,
    0.49723654985427856,
    0.4939824491739273,
    0.4915827810764313,
    0.4919937998056412,
    0.49126338958740234,
    0.49448657035827637,
    0.49218325316905975,
    0.5018924176692963,
    0.4989794194698334,
    0.4927314221858978,
    0.5026879161596298,
    0.49403946101665497,
    0.49197734892368317,
    0.4962790310382843,
    0.48650817573070526,
    0.49906355142593384
  ],
  "val_mse_losses": [
    2.1837956206967135,
    1.720290790904652,
    0.8201078549780028,
    1.3746373725659922,
    1.5392501137473367,
    1.2552622207487472,
    0.8741120617799085,
    0.779096969450363,
    0.8718264993995126,
    0.8232088570642953,
    0.6621631179193054,
    0.8131215066620798,
    0.9812362362640072,
    0.9147740759030737,
    0.7992343517264935,
    0.5937107741230666,
    0.8921260833740234,
    1.1150511924666588,
    0.8890893916891078,
    0.6597429429641878,
    0.6659164814033893,
    0.6433524218472568,
    0.7192887778234,
    0.7489026965516987,
    0.60226172630233,
    0.5995248351434265,
    0.7173379840272845,
    0.6702805143414121,
    0.6443027823862404,
    0.59566057571257,
    0.586511862398398,
    0.6537600141583066,
    0.629859741288002,
    0.6086971783878827,
    0.5816315737637606,
    0.5631254176900845,
    0.5677181012702711,
    0.6021629872948232,
    0.5983778635660808,
    0.5625236395633582,
    0.5533702156760476,
    0.55676647147747,
    0.5922034196179322,
    0.5346864257195983,
    0.5491260856088966,
    0.52020979409266,
    0.5593917442090584,
    0.5644470850626628,
    0.5712925111404573,
    0.5555362508754538,
    0.5244566599527996,
    0.5577020934133818,
    0.524690705116349,
    0.561774436873619,
    0.5367338874123313,
    0.5488350030147668,
    0.5301830118352716,
    0.5667180629691693,
    0.5535178040013169,
    0.5264579888546106,
    0.5356565340600832,
    0.5356984668307834,
    0.5661332005202168,
    0.5728676439535738,
    0.5597694377706508,
    0.516189122440839,
    0.5308519421201763,
    0.5448675251970387,
    0.5290491412384342,
    0.5508318236379912,
    0.5451397654986141,
    0.5674851928094421,
    0.5521041985714074,
    0.5268827207160718,
    0.5442786553893426,
    0.5471197571417298,
    0.5081154409081045,
    0.5475475908529879,
    0.5305002482250484,
    0.5373858827533144,
    0.5015240293560606,
    0.5169986185401377,
    0.5045457897764264,
    0.5456396160703717,
    0.5123448227391099,
    0.5153924768621271,
    0.5212625638403074,
    0.5391597844133474,
    0.5575616528289487,
    0.5275591358993993,
    0.49559727100410844,
    0.5261340189461756,
    0.5181385290743125,
    0.5174650230793038,
    0.5283703274197048,
    0.5288944340715505,
    0.5259906210080542,
    0.5362378322716915,
    0.5315487986863262,
    0.5107423512622564,
    0.5054838007146663,
    0.5200315918585267,
    0.4947234934026545,
    0.5157053494694257,
    0.5356662923639471,
    0.5317015214399858,
    0.4940302010738488,
    0.5122302373250326,
    0.5118428914233891,
    0.49713103939788517,
    0.521280991910684,
    0.49841439603555077,
    0.5262074133362433,
    0.5127987139152759,
    0.5070449270383276,
    0.5418621699015299,
    0.5287698976921312,
    0.5043643989948312,
    0.5358021476052024,
    0.5139108619304618,
    0.5292671088016394,
    0.5243591154464567,
    0.5325549347232087,
    0.5086197419600054,
    0.5515460293702404,
    0.5093412399291992,
    0.5541225587478792,
    0.5110399650804924,
    0.5173065204813023,
    0.5122060197772402,
    0.537901435235534,
    0.5117310514353742
  ],